,in_size,out_size,quant,tot_bits,tot_bytes,val_f1,val_pres,val_recall,val_th,f1,pres,recall
0,128,4.0,1,4.0,1.0,0.10549092339684144,0.05600148780368947,0.9071869310950363,0.145,0.0682327531800906,0.03544603584140257,0.9094738416290721
1,128,4.0,2,8.0,1.0,0.22341566337128999,0.1291442021405005,0.827375102704967,0.145,0.15227517255491285,0.08350950353788383,0.8624909648313851
2,128,4.0,3,12.0,2.0,0.5540962763583244,0.4774870330438837,0.6599861448985839,0.145,0.4911451291118655,0.3956733698964046,0.647341791081977
3,128,4.0,4,16.0,2.0,0.5859369095663478,0.5518385126766979,0.6245267516231412,0.145,0.5575956903884322,0.5115703167270155,0.6127215174098353
4,128,4.0,5,20.0,3.0,0.7038334199797521,0.6116005088151028,0.8288250551787469,0.145,0.6796199903872703,0.5762320951687303,0.828219635602303
5,128,4.0,6,24.0,3.0,0.7200200024327282,0.6201184947212813,0.8582913115625654,0.145,0.6907523164432295,0.5787151637618927,0.8565838339024451
6,128,4.0,7,28.0,4.0,0.7218025929730564,0.6187751813053989,0.8659921702566415,0.145,0.6923776860082592,0.5781124766230297,0.8629396076867476
7,128,4.0,8,32.0,4.0,0.7217786002105249,0.6181327514928802,0.8671843534017496,0.145,0.6927426767374016,0.5780960797718897,0.8641110640313053
8,128,4.0,9,36.0,5.0,0.7217473502141952,0.618070546089193,0.8672165745678336,0.145,0.692765005045812,0.578149494679964,0.8640612148251539
9,128,4.0,10,40.0,5.0,0.7222758602193793,0.6185674747637149,0.8677643343912617,0.145,0.6927442399536399,0.578120570332694,0.8640612148251539
10,128,4.0,11,44.0,6.0,0.7220714108570778,0.6182594522623448,0.8677804449743036,0.145,0.6926865328711428,0.5780067353539395,0.864135988634381
11,128,4.0,12,48.0,6.0,0.7222359998659472,0.6183944722464534,0.8679898825538497,0.145,0.692651935909218,0.5779585576874989,0.864135988634381
12,128,4.0,13,52.0,7.0,0.722214030054828,0.6183786141432228,0.8679576613877656,0.145,0.6927142129292001,0.5780452832705325,0.864135988634381
13,128,4.0,14,56.0,7.0,0.7221980172800944,0.618379668954751,0.8679093296386396,0.145,0.6927595300887078,0.5780637847390094,0.8642356870466837
14,128,4.0,15,60.0,8.0,0.7221954096954096,0.6183922032302871,0.8678771084725556,0.145,0.6927526097597523,0.5780541477727394,0.8642356870466837
15,128,4.0,16,64.0,8.0,0.7222173811039982,0.6184080629979107,0.8679093296386396,0.145,0.6927257107466086,0.5780278402934067,0.8642107624436081
16,128,4.0,17,68.0,9.0,0.7222125400506751,0.6184009642426678,0.8679093296386396,0.145,0.6927326307377254,0.5780374766604428,0.8642107624436081
17,128,4.0,18,72.0,9.0,0.7222173811039982,0.6184080629979107,0.8679093296386396,0.145,0.6927187908937438,0.5780182042476578,0.8642107624436081
18,128,4.0,19,76.0,10.0,0.7222222222222222,0.6184151619161319,0.8679093296386396,0.145,0.6927187908937438,0.5780182042476578,0.8642107624436081
19,128,4.0,20,80.0,10.0,0.7222173811039982,0.6184080629979107,0.8679093296386396,0.145,0.6927057319241604,0.5780111694590314,0.8641858378405324
20,128,4.0,21,84.0,11.0,0.7222222222222222,0.6184151619161319,0.8679093296386396,0.145,0.6927057319241604,0.5780111694590314,0.8641858378405324
21,128,4.0,22,88.0,11.0,0.7222173811039982,0.6184080629979107,0.8679093296386396,0.145,0.6927187908937438,0.5780182042476578,0.8642107624436081
22,128,4.0,23,92.0,12.0,0.7222173811039982,0.6184080629979107,0.8679093296386396,0.145,0.6927187908937438,0.5780182042476578,0.8642107624436081
23,128,4.0,24,96.0,12.0,0.7222173811039982,0.6184080629979107,0.8679093296386396,0.145,0.6927187908937438,0.5780182042476578,0.8642107624436081
24,128,4.0,25,100.0,13.0,0.7222222222222222,0.6184151619161319,0.8679093296386396,0.145,0.6927187908937438,0.5780182042476578,0.8642107624436081
25,128,4.0,26,104.0,13.0,0.7222222222222222,0.6184151619161319,0.8679093296386396,0.145,0.6927187908937438,0.5780182042476578,0.8642107624436081
26,128,4.0,27,108.0,14.0,0.7222222222222222,0.6184151619161319,0.8679093296386396,0.145,0.6927187908937438,0.5780182042476578,0.8642107624436081
27,128,4.0,28,112.0,14.0,0.7222222222222222,0.6184151619161319,0.8679093296386396,0.145,0.6927187908937438,0.5780182042476578,0.8642107624436081
28,128,4.0,29,116.0,15.0,0.7222222222222222,0.6184151619161319,0.8679093296386396,0.145,0.6927187908937438,0.5780182042476578,0.8642107624436081
29,128,4.0,30,120.0,15.0,0.7222222222222222,0.6184151619161319,0.8679093296386396,0.145,0.6927187908937438,0.5780182042476578,0.8642107624436081
30,128,4.0,31,124.0,16.0,0.7222222222222222,0.6184151619161319,0.8679093296386396,0.145,0.6927187908937438,0.5780182042476578,0.8642107624436081
31,128,4.0,32,128.0,16.0,0.7222222222222222,0.6184151619161319,0.8679093296386396,0.145,0.6927187908937438,0.5780182042476578,0.8642107624436081
32,128,6.0,1,6.0,1.0,0.10274492654312803,0.05427247006310689,0.9614151536144093,0.128,0.06896900845588622,0.03585865508192944,0.8998778694449291
33,128,6.0,2,12.0,2.0,0.23392058789172426,0.1347207679736963,0.887193697539914,0.128,0.15490041293660067,0.08570025222354971,0.8045412626803918
34,128,6.0,3,18.0,3.0,0.5091648725482033,0.40355987970321766,0.6896296176958644,0.128,0.4365058624714716,0.33551160330489976,0.6244859300615637
35,128,6.0,4,24.0,3.0,0.5175324838312931,0.5383463881636206,0.49826811232298496,0.128,0.44615304691152785,0.46578983050847456,0.4281049824281548
36,128,6.0,5,30.0,4.0,0.6505193986259998,0.5531698726632349,0.7894507902240983,0.128,0.6088864279819054,0.5241375589049966,0.7263278582288577
37,128,6.0,6,36.0,5.0,0.6704916620841808,0.5694078725271757,0.8152116125082567,0.128,0.6343310681122581,0.5433314375088867,0.7619451160240274
38,128,6.0,7,42.0,6.0,0.6746723887893642,0.5691651904340124,0.8281967424401089,0.128,0.6384096410362053,0.5440278070360227,0.7724134493158197
39,128,6.0,8,48.0,6.0,0.6759653270291568,0.5705417419547939,0.8291794880056709,0.128,0.6397625623479946,0.5453746815426513,0.7736596794696045
40,128,6.0,9,54.0,7.0,0.6764595894320411,0.570590579068532,0.8305649981472829,0.128,0.6396392686542579,0.5448741559238797,0.7743077191495725
41,128,6.0,10,60.0,8.0,0.6763721772447547,0.5705194187114697,0.830452224065989,0.128,0.6398550650045806,0.5450145547644933,0.7746566635926323
42,128,6.0,11,66.0,9.0,0.6763496093365611,0.5704721011044466,0.830484445232073,0.128,0.639776810072372,0.544987371965764,0.7744821913711024
43,128,6.0,12,72.0,9.0,0.6763100579915505,0.5704310297128313,0.830452224065989,0.128,0.6397727155753652,0.5449444113211518,0.7745569651803295
44,128,6.0,13,78.0,10.0,0.6763497999081546,0.5704799743246384,0.8304683346490309,0.128,0.6397570516779906,0.544958697977867,0.7744821913711024
45,128,6.0,14,84.0,11.0,0.676366594288938,0.5704658625650105,0.830548887564241,0.128,0.6397241237325647,0.5449109147025814,0.7744821913711024
46,128,6.0,15,90.0,12.0,0.6763447913933351,0.5704500437096792,0.8305166663981569,0.128,0.6397381261194491,0.5449188952213941,0.7745071159741781
47,128,6.0,16,96.0,12.0,0.6763532838288157,0.5704469255197901,0.830548887564241,0.128,0.639743048621048,0.5449507173173384,0.7744572667680267
48,128,6.0,17,102.0,13.0,0.676357720590647,0.5704532377285,0.830548887564241,0.128,0.6397298771888286,0.5449316029463346,0.7744572667680267
49,128,6.0,18,108.0,14.0,0.676357720590647,0.5704532377285,0.830548887564241,0.128,0.6397298771888286,0.5449316029463346,0.7744572667680267
50,128,6.0,19,114.0,15.0,0.6763621574106874,0.5704595500769052,0.830548887564241,0.128,0.6397438800930597,0.5449395836621596,0.7744821913711024
51,128,6.0,20,120.0,15.0,0.6763621574106874,0.5704595500769052,0.830548887564241,0.128,0.6397438800930597,0.5449395836621596,0.7744821913711024
52,128,6.0,21,126.0,16.0,0.6763621574106874,0.5704595500769052,0.830548887564241,0.128,0.6397438800930597,0.5449395836621596,0.7744821913711024
53,128,6.0,22,132.0,17.0,0.6763621574106874,0.5704595500769052,0.830548887564241,0.128,0.6397438800930597,0.5449395836621596,0.7744821913711024
54,128,6.0,23,138.0,18.0,0.6763621574106874,0.5704595500769052,0.830548887564241,0.128,0.6397438800930597,0.5449395836621596,0.7744821913711024
55,128,6.0,24,144.0,18.0,0.6763621574106874,0.5704595500769052,0.830548887564241,0.128,0.6397438800930597,0.5449395836621596,0.7744821913711024
56,128,6.0,25,150.0,19.0,0.6763621574106874,0.5704595500769052,0.830548887564241,0.128,0.6397438800930597,0.5449395836621596,0.7744821913711024
57,128,6.0,26,156.0,20.0,0.6763621574106874,0.5704595500769052,0.830548887564241,0.128,0.6397438800930597,0.5449395836621596,0.7744821913711024
58,128,6.0,27,162.0,21.0,0.6763621574106874,0.5704595500769052,0.830548887564241,0.128,0.6397438800930597,0.5449395836621596,0.7744821913711024
59,128,6.0,28,168.0,21.0,0.6763621574106874,0.5704595500769052,0.830548887564241,0.128,0.6397438800930597,0.5449395836621596,0.7744821913711024
60,128,6.0,29,174.0,22.0,0.6763621574106874,0.5704595500769052,0.830548887564241,0.128,0.6397438800930597,0.5449395836621596,0.7744821913711024
61,128,6.0,30,180.0,23.0,0.6763621574106874,0.5704595500769052,0.830548887564241,0.128,0.6397438800930597,0.5449395836621596,0.7744821913711024
62,128,6.0,31,186.0,24.0,0.6763621574106874,0.5704595500769052,0.830548887564241,0.128,0.6397438800930597,0.5449395836621596,0.7744821913711024
63,128,6.0,32,192.0,24.0,0.6763621574106874,0.5704595500769052,0.830548887564241,0.128,0.6397438800930597,0.5449395836621596,0.7744821913711024
64,128,8.0,1,8.0,1.0,0.12009076070117009,0.06429468864510628,0.9085241094875224,0.127,0.07213940172783771,0.03759727071977166,0.8877645123501409
65,128,8.0,2,16.0,2.0,0.3453232141668331,0.21762625393855228,0.8356720529715971,0.127,0.25292454745654175,0.14995346942177076,0.8072580444156426
66,128,8.0,3,24.0,3.0,0.5589752921145322,0.4684501181827094,0.6928678448873065,0.127,0.5076083564247817,0.40898838733274406,0.6689015727424541
67,128,8.0,4,32.0,4.0,0.5521362414102181,0.6073423937208807,0.5061300768474811,0.127,0.5480169915439279,0.5841561812334255,0.5160888312853618
68,128,8.0,5,40.0,5.0,0.6791112986008578,0.6024900510235907,0.778060608013404,0.127,0.6718343404048869,0.602420359494572,0.7593280327010792
69,128,8.0,6,48.0,6.0,0.710203464809243,0.6190499000083826,0.8328365903562049,0.127,0.6894915688914535,0.6034679485980434,0.804117544428105
70,128,8.0,7,56.0,7.0,0.7139171553901005,0.6205477170525113,0.8403602326368191,0.127,0.6930053052935986,0.6042531889646989,0.812317738840009
71,128,8.0,8,64.0,8.0,0.715826429064184,0.6213360842344906,0.8442106619838572,0.127,0.6931967874899078,0.6040621354909185,0.8131900999476583
72,128,8.0,9,72.0,9.0,0.715655606704277,0.6211659533096997,0.8440495561534372,0.127,0.6936045524036011,0.6041316047419134,0.8141870840706862
73,128,8.0,10,80.0,10.0,0.7157966610904373,0.621160409556314,0.8444523207294872,0.127,0.6934862239210065,0.604061852619118,0.8139876872460806
74,128,8.0,11,88.0,11.0,0.7157362832462699,0.6211392135017897,0.8443234360651511,0.127,0.6936626073661971,0.6042059704805238,0.8142120086737619
75,128,8.0,12,96.0,12.0,0.7157292477435035,0.6210675987913976,0.8444362101464452,0.127,0.693722863300035,0.6042013388069085,0.8143864808952918
76,128,8.0,13,104.0,13.0,0.7158170720050252,0.621156284437914,0.8445167630616552,0.127,0.693703353752402,0.6042129013167629,0.8143117070860647
77,128,8.0,14,112.0,14.0,0.7157528166609765,0.6211379608670404,0.8443717678142773,0.127,0.6935872530598812,0.6040641988092156,0.8142618578799132
78,128,8.0,15,120.0,15.0,0.715791773638499,0.6211530485275819,0.8444523207294872,0.127,0.6936297145526151,0.6041011796901002,0.8143117070860647
79,128,8.0,16,128.0,16.0,0.7157508057027367,0.6211174971855188,0.8444039889803612,0.127,0.6936427229399089,0.6040934807528751,0.8143615562922161
80,128,8.0,17,136.0,17.0,0.7157956547269526,0.6211501771599891,0.8444684313125292,0.127,0.6936288559115131,0.6040861606730147,0.8143366316891404
81,128,8.0,18,144.0,18.0,0.7157732303679579,0.6211338373663878,0.8444362101464452,0.127,0.6936084838062481,0.6040826892496579,0.8142867824829889
82,128,8.0,19,152.0,19.0,0.7157732303679579,0.6211338373663878,0.8444362101464452,0.127,0.6936149885887162,0.6040788403224614,0.8143117070860647
83,128,8.0,20,160.0,20.0,0.7157732303679579,0.6211338373663878,0.8444362101464452,0.127,0.6936011209715087,0.6040715197012,0.8142867824829889
84,128,8.0,21,168.0,21.0,0.7157732303679579,0.6211338373663878,0.8444362101464452,0.127,0.6936223514925056,0.6040900097997522,0.8143117070860647
85,128,8.0,22,176.0,22.0,0.7157732303679579,0.6211338373663878,0.8444362101464452,0.127,0.6936084838062481,0.6040826892496579,0.8142867824829889
86,128,8.0,23,184.0,23.0,0.7157732303679579,0.6211338373663878,0.8444362101464452,0.127,0.6936084838062481,0.6040826892496579,0.8142867824829889
87,128,8.0,24,192.0,24.0,0.7157732303679579,0.6211338373663878,0.8444362101464452,0.127,0.6936084838062481,0.6040826892496579,0.8142867824829889
88,128,8.0,25,200.0,25.0,0.7157732303679579,0.6211338373663878,0.8444362101464452,0.127,0.6936084838062481,0.6040826892496579,0.8142867824829889
89,128,8.0,26,208.0,26.0,0.7157732303679579,0.6211338373663878,0.8444362101464452,0.127,0.6936084838062481,0.6040826892496579,0.8142867824829889
90,128,8.0,27,216.0,27.0,0.7157732303679579,0.6211338373663878,0.8444362101464452,0.127,0.6936084838062481,0.6040826892496579,0.8142867824829889
91,128,8.0,28,224.0,28.0,0.7157732303679579,0.6211338373663878,0.8444362101464452,0.127,0.6936084838062481,0.6040826892496579,0.8142867824829889
92,128,8.0,29,232.0,29.0,0.7157732303679579,0.6211338373663878,0.8444362101464452,0.127,0.6936084838062481,0.6040826892496579,0.8142867824829889
93,128,8.0,30,240.0,30.0,0.7157732303679579,0.6211338373663878,0.8444362101464452,0.127,0.6936084838062481,0.6040826892496579,0.8142867824829889
94,128,8.0,31,248.0,31.0,0.7157732303679579,0.6211338373663878,0.8444362101464452,0.127,0.6936084838062481,0.6040826892496579,0.8142867824829889
95,128,8.0,32,256.0,32.0,0.7157732303679579,0.6211338373663878,0.8444362101464452,0.127,0.6936084838062481,0.6040826892496579,0.8142867824829889
96,128,10.0,1,10.0,2.0,0.14562269076749484,0.07921003749051411,0.9013387894507903,0.137,0.09894052031437137,0.052453059298421735,0.8699434211510182
97,128,10.0,2,20.0,3.0,0.3203748376322138,0.1982439554635261,0.834447648660405,0.137,0.27066350529331384,0.16320496103656096,0.7924029809825278
98,128,10.0,3,30.0,4.0,0.6017611071513425,0.558064915928777,0.6528813777770618,0.137,0.5696318588270826,0.5021107476990948,0.6581341442137534
99,128,10.0,4,40.0,5.0,0.562455114822547,0.5838693458624457,0.5425561051054437,0.137,0.5674030221165157,0.5893346222007411,0.5470451883053762
100,128,10.0,5,50.0,7.0,0.7352614390087875,0.6316380128190295,0.8795572811780058,0.137,0.7114650632209643,0.6216256497196192,0.8316592308267491
101,128,10.0,6,60.0,8.0,0.7399399718452017,0.6293815306410618,0.8976172447680881,0.137,0.7234047041451324,0.6270548007826071,0.8547394132748436
102,128,10.0,7,70.0,9.0,0.7437582477337383,0.6320327292399243,0.9034653864123343,0.137,0.726715506202901,0.6276628533096433,0.8628897584805962
103,128,10.0,8,80.0,10.0,0.7432846105935517,0.6312703289777267,0.9036264922427543,0.137,0.7260621566078094,0.62664929141554,0.8629645322898233
104,128,10.0,9,90.0,12.0,0.7435702126814018,0.6313522146986705,0.9043031367305183,0.137,0.7261615229788662,0.6266396482784824,0.8632636275267317
105,128,10.0,10,100.0,13.0,0.7434263687062035,0.6312154851480695,0.9041581414831402,0.137,0.7260744745499884,0.6263263498490628,0.8636125719697914
106,128,10.0,11,110.0,14.0,0.743542191018678,0.6313196639260368,0.9042870261474762,0.137,0.7260344303691363,0.6263060848186847,0.8635377981605643
107,128,10.0,12,120.0,15.0,0.7435717408295468,0.6313622712394408,0.9042870261474762,0.137,0.7260726072607261,0.6263104620056396,0.863637496572867
108,128,10.0,13,130.0,17.0,0.7436099538340277,0.6313859582030459,0.9043514684796443,0.137,0.7261564251663263,0.6263827633576748,0.8637371949851699
109,128,10.0,14,140.0,18.0,0.7435948387780517,0.6313877234226837,0.9043031367305183,0.137,0.7261163848201002,0.6263625024854937,0.8636624211759427
110,128,10.0,15,150.0,19.0,0.7436130117704725,0.6314060742407199,0.9043192473135603,0.137,0.7261011692720338,0.6263398586483018,0.8636624211759427
111,128,10.0,16,160.0,20.0,0.7435963674661686,0.6313977817273729,0.9042870261474762,0.137,0.726044045847914,0.6262810664256665,0.8636125719697914
112,128,10.0,17,170.0,22.0,0.7435815912884508,0.6313764749552874,0.9042870261474762,0.137,0.7260726072607261,0.6263104620056396,0.863637496572867
113,128,10.0,18,180.0,23.0,0.7435865166157739,0.6313835770528684,0.9042870261474762,0.137,0.7260726072607261,0.6263104620056396,0.863637496572867
114,128,10.0,19,190.0,24.0,0.7435865166157739,0.6313835770528684,0.9042870261474762,0.137,0.7260726072607261,0.6263104620056396,0.863637496572867
115,128,10.0,20,200.0,25.0,0.7435914420083459,0.6313906793102284,0.9042870261474762,0.137,0.7260726072607261,0.6263104620056396,0.863637496572867
116,128,10.0,21,210.0,27.0,0.7435865166157739,0.6313835770528684,0.9042870261474762,0.137,0.7260726072607261,0.6263104620056396,0.863637496572867
117,128,10.0,22,220.0,28.0,0.7435865166157739,0.6313835770528684,0.9042870261474762,0.137,0.7260726072607261,0.6263104620056396,0.863637496572867
118,128,10.0,23,230.0,29.0,0.7435865166157739,0.6313835770528684,0.9042870261474762,0.137,0.7260726072607261,0.6263104620056396,0.863637496572867
119,128,10.0,24,240.0,30.0,0.7435865166157739,0.6313835770528684,0.9042870261474762,0.137,0.7260726072607261,0.6263104620056396,0.863637496572867
120,128,10.0,25,250.0,32.0,0.7435865166157739,0.6313835770528684,0.9042870261474762,0.137,0.7260726072607261,0.6263104620056396,0.863637496572867
121,128,10.0,26,260.0,33.0,0.7435865166157739,0.6313835770528684,0.9042870261474762,0.137,0.7260726072607261,0.6263104620056396,0.863637496572867
122,128,10.0,27,270.0,34.0,0.7435865166157739,0.6313835770528684,0.9042870261474762,0.137,0.7260726072607261,0.6263104620056396,0.863637496572867
123,128,10.0,28,280.0,35.0,0.7435865166157739,0.6313835770528684,0.9042870261474762,0.137,0.7260726072607261,0.6263104620056396,0.863637496572867
124,128,10.0,29,290.0,37.0,0.7435865166157739,0.6313835770528684,0.9042870261474762,0.137,0.7260726072607261,0.6263104620056396,0.863637496572867
125,128,10.0,30,300.0,38.0,0.7435865166157739,0.6313835770528684,0.9042870261474762,0.137,0.7260726072607261,0.6263104620056396,0.863637496572867
126,128,10.0,31,310.0,39.0,0.7435865166157739,0.6313835770528684,0.9042870261474762,0.137,0.7260726072607261,0.6263104620056396,0.863637496572867
127,128,10.0,32,320.0,40.0,0.7435865166157739,0.6313835770528684,0.9042870261474762,0.137,0.7260726072607261,0.6263104620056396,0.863637496572867
128,128,12.0,1,12.0,2.0,0.10999054462211028,0.0584684947758377,0.9257946545085467,0.143,0.07855696850269997,0.04113028978746256,0.8724109568555121
129,128,12.0,2,24.0,3.0,0.2544153234957561,0.14935432841179375,0.8578724364034734,0.143,0.16162155672777967,0.0896204113795071,0.8220881832456818
130,128,12.0,3,36.0,5.0,0.5400218076230293,0.4312780247483787,0.722092442525495,0.143,0.4841428254601908,0.3846978485938762,0.6529249021709329
131,128,12.0,4,48.0,6.0,0.5409222894827502,0.5509917617766489,0.5312142546438756,0.143,0.5107007525217484,0.5495161799753066,0.47700705366267043
132,128,12.0,5,60.0,8.0,0.7116457894084087,0.5981937098083971,0.8782039922024778,0.143,0.6821018230097534,0.5778108454164792,0.8323321951097928
133,128,12.0,6,72.0,9.0,0.7208012971389717,0.6065514243901365,0.888079779607224,0.143,0.6978108500324205,0.594319775596073,0.844944044266095
134,128,12.0,7,84.0,11.0,0.7256849560754185,0.6096318211702827,0.8963122875416861,0.143,0.6992658065435882,0.5911469990702799,0.8557862466040228
135,128,12.0,8,96.0,12.0,0.7265062517510767,0.6099271382622585,0.8981811151745581,0.143,0.7006372024264669,0.5927989786764198,0.8564342862839909
136,128,12.0,9,108.0,14.0,0.7269351297470211,0.6102493983810983,0.8987933173301542,0.143,0.7011243736505479,0.5927807532677769,0.8579297624685327
137,128,12.0,10,120.0,15.0,0.7268687737404144,0.6102152890211351,0.8986644326658182,0.143,0.7010920500387107,0.5928535740743931,0.8576805164377758
138,128,12.0,11,132.0,17.0,0.7266697506531753,0.6100536046384422,0.8984066633371461,0.143,0.7009563773769389,0.5926595708036237,0.8576805164377758
139,128,12.0,12,144.0,18.0,0.7266732693911593,0.6100808525070842,0.8983583315880201,0.143,0.7009309621300086,0.5926589386292781,0.8576057426285486
140,128,12.0,13,156.0,20.0,0.7267017207790092,0.6100912412751898,0.8984227739201882,0.143,0.7010277774948306,0.5927616619582443,0.8576805164377758
141,128,12.0,14,168.0,21.0,0.7266922510571479,0.6100778925258183,0.8984227739201882,0.143,0.7010378578776367,0.5927284626778272,0.8577802148500785
142,128,12.0,15,180.0,23.0,0.7266922510571479,0.6100778925258183,0.8984227739201882,0.143,0.7010225282111867,0.5926946458401502,0.8578051394531542
143,128,12.0,16,192.0,24.0,0.7267100170708505,0.6100955069086612,0.8984388845032302,0.143,0.7010357575695851,0.5927016601226148,0.8578300640562299
144,128,12.0,17,204.0,26.0,0.726718313254582,0.610099772448801,0.8984549950862721,0.143,0.7010368076915242,0.5927150607078274,0.8578051394531542
145,128,12.0,18,216.0,27.0,0.7267135783163929,0.6100930980538022,0.8984549950862721,0.143,0.7010225282111867,0.5926946458401502,0.8578051394531542
146,128,12.0,19,228.0,29.0,0.7267218743688143,0.6100973635269664,0.8984711056693142,0.143,0.7010296678786397,0.5927048530981986,0.8578051394531542
147,128,12.0,20,240.0,30.0,0.7267218743688143,0.6100973635269664,0.8984711056693142,0.143,0.701042897299059,0.5927118673256755,0.8578300640562299
148,128,12.0,21,252.0,32.0,0.7267135783163929,0.6100930980538022,0.8984549950862721,0.143,0.7010296678786397,0.5927048530981986,0.8578051394531542
149,128,12.0,22,264.0,33.0,0.7267135783163929,0.6100930980538022,0.8984549950862721,0.143,0.701042897299059,0.5927118673256755,0.8578300640562299
150,128,12.0,23,276.0,35.0,0.7267135783163929,0.6100930980538022,0.8984549950862721,0.143,0.701042897299059,0.5927118673256755,0.8578300640562299
151,128,12.0,24,288.0,36.0,0.7267135783163929,0.6100930980538022,0.8984549950862721,0.143,0.701042897299059,0.5927118673256755,0.8578300640562299
152,128,12.0,25,300.0,38.0,0.7267135783163929,0.6100930980538022,0.8984549950862721,0.143,0.701042897299059,0.5927118673256755,0.8578300640562299
153,128,12.0,26,312.0,39.0,0.7267135783163929,0.6100930980538022,0.8984549950862721,0.143,0.701042897299059,0.5927118673256755,0.8578300640562299
154,128,12.0,27,324.0,41.0,0.7267135783163929,0.6100930980538022,0.8984549950862721,0.143,0.701042897299059,0.5927118673256755,0.8578300640562299
155,128,12.0,28,336.0,42.0,0.7267135783163929,0.6100930980538022,0.8984549950862721,0.143,0.701042897299059,0.5927118673256755,0.8578300640562299
156,128,12.0,29,348.0,44.0,0.7267135783163929,0.6100930980538022,0.8984549950862721,0.143,0.701042897299059,0.5927118673256755,0.8578300640562299
157,128,12.0,30,360.0,45.0,0.7267135783163929,0.6100930980538022,0.8984549950862721,0.143,0.701042897299059,0.5927118673256755,0.8578300640562299
158,128,12.0,31,372.0,47.0,0.7267135783163929,0.6100930980538022,0.8984549950862721,0.143,0.701042897299059,0.5927118673256755,0.8578300640562299
159,128,12.0,32,384.0,48.0,0.7267135783163929,0.6100930980538022,0.8984549950862721,0.143,0.701042897299059,0.5927118673256755,0.8578300640562299
160,128,14.0,1,14.0,2.0,0.1064561829589152,0.0565312063856419,0.9109729181099064,0.121,0.07585302796855822,0.03958552295890554,0.904962488472371
161,128,14.0,2,28.0,4.0,0.2897923547052348,0.1742177999615298,0.8609173365984115,0.121,0.18494706383171305,0.104311175490878,0.8148600483537299
162,128,14.0,3,42.0,6.0,0.5700115574634542,0.47043594016959633,0.723059077508015,0.121,0.5408554346159743,0.4583881920864805,0.6595049973829167
163,128,14.0,4,56.0,7.0,0.5655943435815011,0.5560970293330012,0.5754216945111243,0.121,0.5483289727007947,0.5430610897890337,0.5537000573265871
164,128,14.0,5,70.0,9.0,0.7097188917458759,0.6432358832693995,0.7915290554365162,0.121,0.6966623072611577,0.6230587772754079,0.7899852944841853
165,128,14.0,6,84.0,11.0,0.7291395337619471,0.6370532703978422,0.8523465064200674,0.121,0.7173903788846318,0.6259960251862033,0.840033897460183
166,128,14.0,7,98.0,13.0,0.7350777565415871,0.6411378818224338,0.8612717694253355,0.121,0.720837740638883,0.626141604954152,0.8492809252012662
167,128,14.0,8,112.0,14.0,0.7352142685315647,0.6411224587648638,0.8616745340013855,0.121,0.7205539312441287,0.6249176125961187,0.8507514767827322
168,128,14.0,9,126.0,16.0,0.7359579115097735,0.6414333089899075,0.8631567076412495,0.121,0.7206377699171109,0.6251648834823391,0.850527155355051
169,128,14.0,10,140.0,18.0,0.7361993529819838,0.6416666666666667,0.8633983663868795,0.121,0.7208941519171708,0.6251739034927144,0.8512250442411705
170,128,14.0,11,154.0,20.0,0.7361213178480918,0.6415659044654615,0.8633661452207956,0.121,0.7206070135818233,0.624876459606867,0.8509757982104135
171,128,14.0,12,168.0,21.0,0.7360402255819865,0.6415672749916176,0.8631405970582076,0.121,0.7206112025663755,0.6248558827297184,0.851025647416565
172,128,14.0,13,182.0,23.0,0.7360865951908349,0.6415487393147044,0.8633017028886275,0.121,0.7205648012326006,0.6248398550459388,0.8509259490042621
173,128,14.0,14,196.0,25.0,0.7361942963899115,0.6416589839681038,0.8633983663868795,0.121,0.7205267823224009,0.6247826803067181,0.8509259490042621
174,128,14.0,15,210.0,27.0,0.7361906724362937,0.6416623762257689,0.8633822558038375,0.121,0.7205132804997731,0.6247758134768127,0.8509010244011864
175,128,14.0,16,224.0,28.0,0.7361892398673012,0.6416513014535092,0.8633983663868795,0.121,0.7205360911777121,0.6248101173154706,0.8509010244011864
176,128,14.0,17,238.0,30.0,0.7361841834141517,0.6416436191228764,0.8633983663868795,0.121,0.7205343857834808,0.624794114417481,0.8509259490042621
177,128,14.0,18,252.0,32.0,0.7361892398673012,0.6416513014535092,0.8633983663868795,0.121,0.7205267823224009,0.6247826803067181,0.8509259490042621
178,128,14.0,19,266.0,34.0,0.7361942963899115,0.6416589839681038,0.8633983663868795,0.121,0.7205343857834808,0.624794114417481,0.8509259490042621
179,128,14.0,20,280.0,35.0,0.7361856158691127,0.64165469348659,0.8633822558038375,0.121,0.7205495931870707,0.6248169838945827,0.8509259490042621
180,128,14.0,21,294.0,37.0,0.7361942963899115,0.6416589839681038,0.8633983663868795,0.121,0.7205495931870707,0.6248169838945827,0.8509259490042621
181,128,14.0,22,308.0,39.0,0.7361942963899115,0.6416589839681038,0.8633983663868795,0.121,0.7205495931870707,0.6248169838945827,0.8509259490042621
182,128,14.0,23,322.0,41.0,0.7361942963899115,0.6416589839681038,0.8633983663868795,0.121,0.7205495931870707,0.6248169838945827,0.8509259490042621
183,128,14.0,24,336.0,42.0,0.7361942963899115,0.6416589839681038,0.8633983663868795,0.121,0.7205495931870707,0.6248169838945827,0.8509259490042621
184,128,14.0,25,350.0,44.0,0.7361942963899115,0.6416589839681038,0.8633983663868795,0.121,0.7205495931870707,0.6248169838945827,0.8509259490042621
185,128,14.0,26,364.0,46.0,0.7361942963899115,0.6416589839681038,0.8633983663868795,0.121,0.7205495931870707,0.6248169838945827,0.8509259490042621
186,128,14.0,27,378.0,48.0,0.7361942963899115,0.6416589839681038,0.8633983663868795,0.121,0.7205495931870707,0.6248169838945827,0.8509259490042621
187,128,14.0,28,392.0,49.0,0.7361942963899115,0.6416589839681038,0.8633983663868795,0.121,0.7205495931870707,0.6248169838945827,0.8509259490042621
188,128,14.0,29,406.0,51.0,0.7361942963899115,0.6416589839681038,0.8633983663868795,0.121,0.7205495931870707,0.6248169838945827,0.8509259490042621
189,128,14.0,30,420.0,53.0,0.7361942963899115,0.6416589839681038,0.8633983663868795,0.121,0.7205495931870707,0.6248169838945827,0.8509259490042621
190,128,14.0,31,434.0,55.0,0.7361942963899115,0.6416589839681038,0.8633983663868795,0.121,0.7205495931870707,0.6248169838945827,0.8509259490042621
191,128,14.0,32,448.0,56.0,0.7361942963899115,0.6416589839681038,0.8633983663868795,0.121,0.7205495931870707,0.6248169838945827,0.8509259490042621
192,128,16.0,1,16.0,2.0,0.17600591682237968,0.09790275693583582,0.8702936959288556,0.123,0.13902570363985317,0.07548677305344328,0.8783679369906034
193,128,16.0,2,32.0,4.0,0.36500917706795427,0.23622043510422397,0.8025809154033284,0.123,0.2930155264115617,0.1777835715273861,0.8328057625682311
194,128,16.0,3,48.0,6.0,0.5850512127327419,0.5547484258563918,0.6188558263923571,0.123,0.5826491359017052,0.5402010050251256,0.6323371800304081
195,128,16.0,4,64.0,8.0,0.6213834756274916,0.6624591868376412,0.5851041549193665,0.123,0.6275392212013252,0.629482871043788,0.6256075371999701
196,128,16.0,5,80.0,10.0,0.7406570447907561,0.6625937698664971,0.8395708140677611,0.123,0.7243916743203019,0.6513830845771145,0.8158321078736821
197,128,16.0,6,96.0,12.0,0.7490431628381686,0.6548144397019461,0.8749496544279938,0.123,0.7425303632699745,0.6594690813404536,0.8495301712320231
198,128,16.0,7,112.0,14.0,0.7517127885919673,0.6563973063973064,0.8794122859306278,0.123,0.7466597314781703,0.6604808097849009,0.8587024251638793
199,128,16.0,8,128.0,16.0,0.7518665694996355,0.6557811544319585,0.8809427913196178,0.123,0.7464241243029615,0.6598767086571965,0.8591012188130904
200,128,16.0,9,144.0,18.0,0.7521154837600962,0.6559277732482854,0.8813616664787098,0.123,0.7467937608318891,0.6603957930228549,0.8592009172253932
201,128,16.0,10,160.0,20.0,0.7522929472106487,0.6561799100449776,0.8813938876447939,0.123,0.7468950656719326,0.6603040281819574,0.85962463547768
202,128,16.0,11,176.0,22.0,0.7525852585258526,0.6564550372440595,0.8816999887225919,0.123,0.7467189327327066,0.660175771152852,0.859375389446923
203,128,16.0,12,192.0,24.0,0.7524217444810352,0.656268739056391,0.8815872146412979,0.123,0.7466889030874693,0.6601876675603218,0.8592756910346203
204,128,16.0,13,208.0,26.0,0.7524510140941906,0.6563043452188201,0.8816033252243398,0.123,0.7466975616094245,0.6601129510864363,0.8594252386530744
205,128,16.0,14,224.0,28.0,0.7524493794905289,0.6563197159786024,0.8815711040582559,0.123,0.7466811044937736,0.6601313446552681,0.8593504648438474
206,128,16.0,15,240.0,30.0,0.7524579569049682,0.6563238380809595,0.8815872146412979,0.123,0.7467027612344341,0.6601504911064734,0.859375389446923
207,128,16.0,16,256.0,32.0,0.7524356285881261,0.6563077218317461,0.8815549934752138,0.123,0.7467082467082466,0.6601443587141735,0.8594003140499987
208,128,16.0,17,272.0,34.0,0.7524527834881434,0.6563159662252926,0.8815872146412979,0.123,0.7466946757479616,0.660137851809305,0.859375389446923
209,128,16.0,18,288.0,36.0,0.7524527834881434,0.6563159662252926,0.8815872146412979,0.123,0.7467218173746386,0.6601508653698882,0.8594252386530744
210,128,16.0,19,304.0,38.0,0.7524527834881434,0.6563159662252926,0.8815872146412979,0.123,0.7467218173746386,0.6601508653698882,0.8594252386530744
211,128,16.0,20,320.0,40.0,0.7524527834881434,0.6563159662252926,0.8815872146412979,0.123,0.7467218173746386,0.6601508653698882,0.8594252386530744
212,128,16.0,21,336.0,42.0,0.7524527834881434,0.6563159662252926,0.8815872146412979,0.123,0.7467218173746386,0.6601508653698882,0.8594252386530744
213,128,16.0,22,352.0,44.0,0.7524527834881434,0.6563159662252926,0.8815872146412979,0.123,0.7467218173746386,0.6601508653698882,0.8594252386530744
214,128,16.0,23,368.0,46.0,0.7524527834881434,0.6563159662252926,0.8815872146412979,0.123,0.7467218173746386,0.6601508653698882,0.8594252386530744
215,128,16.0,24,384.0,48.0,0.7524527834881434,0.6563159662252926,0.8815872146412979,0.123,0.7467218173746386,0.6601508653698882,0.8594252386530744
216,128,16.0,25,400.0,50.0,0.7524527834881434,0.6563159662252926,0.8815872146412979,0.123,0.7467218173746386,0.6601508653698882,0.8594252386530744
217,128,16.0,26,416.0,52.0,0.7524527834881434,0.6563159662252926,0.8815872146412979,0.123,0.7467218173746386,0.6601508653698882,0.8594252386530744
218,128,16.0,27,432.0,54.0,0.7524527834881434,0.6563159662252926,0.8815872146412979,0.123,0.7467218173746386,0.6601508653698882,0.8594252386530744
219,128,16.0,28,448.0,56.0,0.7524527834881434,0.6563159662252926,0.8815872146412979,0.123,0.7467218173746386,0.6601508653698882,0.8594252386530744
220,128,16.0,29,464.0,58.0,0.7524527834881434,0.6563159662252926,0.8815872146412979,0.123,0.7467218173746386,0.6601508653698882,0.8594252386530744
221,128,16.0,30,480.0,60.0,0.7524527834881434,0.6563159662252926,0.8815872146412979,0.123,0.7467218173746386,0.6601508653698882,0.8594252386530744
222,128,16.0,31,496.0,62.0,0.7524527834881434,0.6563159662252926,0.8815872146412979,0.123,0.7467218173746386,0.6601508653698882,0.8594252386530744
223,128,16.0,32,512.0,64.0,0.7524527834881434,0.6563159662252926,0.8815872146412979,0.123,0.7467218173746386,0.6601508653698882,0.8594252386530744
224,128,18.0,1,18.0,3.0,0.18429849555697514,0.10294858989923401,0.8784456509481078,0.13,0.1472875517118285,0.08073787023164689,0.83813962762643
225,128,18.0,2,36.0,5.0,0.4270100844916871,0.2973448304221574,0.7572135135570557,0.13,0.34951559420837114,0.22895682758087582,0.7382418184990404
226,128,18.0,3,54.0,7.0,0.5960145430323887,0.5234421654296613,0.6919495416539124,0.13,0.5423371200764011,0.4890646905667935,0.608633882505421
227,128,18.0,4,72.0,9.0,0.5073863784573381,0.5511541803619329,0.47005848141644246,0.13,0.4796247842787953,0.5430336264221108,0.4294758355973181
228,128,18.0,5,90.0,12.0,0.7193240865758357,0.623624002364765,0.8497204813842213,0.13,0.7004579883741412,0.6273195164757154,0.7929014730440418
229,128,18.0,6,108.0,14.0,0.7312338222605694,0.6286436179460136,0.8738380241980958,0.13,0.7180499230118628,0.6354964396076851,0.8252536078362952
230,128,18.0,7,126.0,16.0,0.7331893313298272,0.6281422052620085,0.8804272526622738,0.13,0.7200320235416307,0.6361377148209746,0.8294160165499365
231,128,18.0,8,144.0,18.0,0.7335476956055735,0.627825109793714,0.8820866427155999,0.13,0.7201483685924392,0.6346135573250223,0.8323321951097928
232,128,18.0,9,162.0,21.0,0.733994372236366,0.6282673273004622,0.8825055178746919,0.13,0.7207447954829533,0.6348157849780764,0.8335784252635777
233,128,18.0,10,180.0,23.0,0.733900087759846,0.6281536697247706,0.8824571861255659,0.13,0.7204733319682289,0.6346548188653451,0.8331297824082151
234,128,18.0,11,198.0,25.0,0.7339209881174058,0.6281026793391651,0.8826182919559858,0.13,0.7206448067411614,0.634732925857029,0.8334538022481992
235,128,18.0,12,216.0,27.0,0.7339379487729074,0.6281112066494697,0.8826505131220699,0.13,0.7206552783316269,0.6348359410603068,0.833304254629745
236,128,18.0,13,234.0,30.0,0.7340103427025,0.6282090972676092,0.8826666237051118,0.13,0.7206673204797982,0.6348257006151743,0.8333541038358964
237,128,18.0,14,252.0,32.0,0.733960317779296,0.6281602935274896,0.8826182919559858,0.13,0.7207181963184895,0.6348757286346289,0.8334039530420478
238,128,18.0,15,270.0,34.0,0.7340045686877417,0.6282251221246244,0.8826182919559858,0.13,0.7207354795598331,0.634917017963617,0.8333790284389722
239,128,18.0,16,288.0,36.0,0.7340081324231809,0.628222181451243,0.8826344025390279,0.13,0.7207139238869189,0.634898028939273,0.8333541038358964
240,128,18.0,17,306.0,39.0,0.7340081324231809,0.628222181451243,0.8826344025390279,0.13,0.7207277116744266,0.6349049617378425,0.8333790284389722
241,128,18.0,18,324.0,41.0,0.7340045686877417,0.6282251221246244,0.8826182919559858,0.13,0.7207277116744266,0.6349049617378425,0.8333790284389722
242,128,18.0,19,342.0,43.0,0.7340045686877417,0.6282251221246244,0.8826182919559858,0.13,0.7207277116744266,0.6349049617378425,0.8333790284389722
243,128,18.0,20,360.0,45.0,0.7340045686877417,0.6282251221246244,0.8826182919559858,0.13,0.7207277116744266,0.6349049617378425,0.8333790284389722
244,128,18.0,21,378.0,48.0,0.7340045686877417,0.6282251221246244,0.8826182919559858,0.13,0.7207277116744266,0.6349049617378425,0.8333790284389722
245,128,18.0,22,396.0,50.0,0.7340045686877417,0.6282251221246244,0.8826182919559858,0.13,0.7207277116744266,0.6349049617378425,0.8333790284389722
246,128,18.0,23,414.0,52.0,0.7340045686877417,0.6282251221246244,0.8826182919559858,0.13,0.7207277116744266,0.6349049617378425,0.8333790284389722
247,128,18.0,24,432.0,54.0,0.7340045686877417,0.6282251221246244,0.8826182919559858,0.13,0.7207277116744266,0.6349049617378425,0.8333790284389722
248,128,18.0,25,450.0,57.0,0.7340045686877417,0.6282251221246244,0.8826182919559858,0.13,0.7207277116744266,0.6349049617378425,0.8333790284389722
249,128,18.0,26,468.0,59.0,0.7340045686877417,0.6282251221246244,0.8826182919559858,0.13,0.7207277116744266,0.6349049617378425,0.8333790284389722
250,128,18.0,27,486.0,61.0,0.7340045686877417,0.6282251221246244,0.8826182919559858,0.13,0.7207277116744266,0.6349049617378425,0.8333790284389722
251,128,18.0,28,504.0,63.0,0.7340045686877417,0.6282251221246244,0.8826182919559858,0.13,0.7207277116744266,0.6349049617378425,0.8333790284389722
252,128,18.0,29,522.0,66.0,0.7340045686877417,0.6282251221246244,0.8826182919559858,0.13,0.7207277116744266,0.6349049617378425,0.8333790284389722
253,128,18.0,30,540.0,68.0,0.7340045686877417,0.6282251221246244,0.8826182919559858,0.13,0.7207277116744266,0.6349049617378425,0.8333790284389722
254,128,18.0,31,558.0,70.0,0.7340045686877417,0.6282251221246244,0.8826182919559858,0.13,0.7207277116744266,0.6349049617378425,0.8333790284389722
255,128,18.0,32,576.0,72.0,0.7340045686877417,0.6282251221246244,0.8826182919559858,0.13,0.7207277116744266,0.6349049617378425,0.8333790284389722
256,128,20.0,1,20.0,3.0,0.14849871794698138,0.08106501350196245,0.8831177200302879,0.125,0.10693477490140466,0.05705862559075089,0.8495052466289474
257,128,20.0,2,40.0,5.0,0.2679355821162552,0.1595763682725828,0.834802081487329,0.125,0.18729779274438704,0.10585132813489524,0.8123675880461604
258,128,20.0,3,60.0,8.0,0.5778718788187704,0.4861141650908131,0.7123294292020428,0.125,0.5345514480809984,0.42961819117691585,0.7073103860821016
259,128,20.0,4,80.0,10.0,0.5735282342369593,0.6404387219837864,0.5192763126097534,0.125,0.5394920376612811,0.6467965021077936,0.4627252561002966
260,128,20.0,5,100.0,13.0,0.7255886572706558,0.6438708388981115,0.8310644262215849,0.125,0.7182963326930808,0.6506767556193983,0.8016001595174597
261,128,20.0,6,120.0,15.0,0.7504877520052028,0.6475188497282133,0.8923974158624801,0.125,0.746409751423857,0.6514475786969933,0.8737818100246754
262,128,20.0,7,140.0,18.0,0.7541335276141906,0.6486862872528084,0.9005171497156482,0.125,0.7490156230153688,0.6509428755404286,0.8818823060242765
263,128,20.0,8,160.0,20.0,0.7554398413576333,0.6497499622912968,0.9021926503520162,0.125,0.75011381080938,0.652004269886259,0.8829789885596072
264,128,20.0,9,180.0,23.0,0.7556541558213866,0.6498080647592981,0.9026920784263183,0.125,0.7498862205099438,0.6516740250183959,0.8829540639565315
265,128,20.0,10,200.0,25.0,0.7558366939562737,0.6500028997274256,0.9028370736736963,0.125,0.7503095074334691,0.651919682259488,0.8836768774457266
266,128,20.0,11,220.0,28.0,0.7558558194101703,0.6499310088934754,0.9030304006702002,0.125,0.7502037101706932,0.6518684713844343,0.8834774806211211
267,128,20.0,12,240.0,30.0,0.7558531585477694,0.6499855030443606,0.9029176265889063,0.125,0.750224855827734,0.6518461312150633,0.8835771790334239
268,128,20.0,13,260.0,33.0,0.7558513543584244,0.649974486245767,0.9029337371719482,0.125,0.7502116491703353,0.651880459770115,0.8834774806211211
269,128,20.0,14,280.0,35.0,0.7558714253926083,0.649979126078486,0.9029820689210742,0.125,0.7502037101706932,0.6518684713844343,0.8834774806211211
270,128,20.0,15,300.0,38.0,0.7558360642472791,0.6499518734561817,0.9029337371719482,0.125,0.7501798941798943,0.6518325088729104,0.8834774806211211
271,128,20.0,16,320.0,40.0,0.7558426496567907,0.6499449179567461,0.9029659583380323,0.125,0.750195771339076,0.6518564834396896,0.8834774806211211
272,128,20.0,17,340.0,43.0,0.7558360642472791,0.6499518734561817,0.9029337371719482,0.125,0.750195771339076,0.6518564834396896,0.8834774806211211
273,128,20.0,18,360.0,45.0,0.7558393569964397,0.6499483956258045,0.9029498477549902,0.125,0.7501878326754781,0.6518444959358564,0.8834774806211211
274,128,20.0,19,380.0,48.0,0.7558393569964397,0.6499483956258045,0.9029498477549902,0.125,0.7501878326754781,0.6518444959358564,0.8834774806211211
275,128,20.0,20,400.0,50.0,0.7558444535848904,0.6499559328323592,0.9029498477549902,0.125,0.7501878326754781,0.6518444959358564,0.8834774806211211
276,128,20.0,21,420.0,53.0,0.7558444535848904,0.6499559328323592,0.9029498477549902,0.125,0.7501878326754781,0.6518444959358564,0.8834774806211211
277,128,20.0,22,440.0,55.0,0.7558444535848904,0.6499559328323592,0.9029498477549902,0.125,0.7501878326754781,0.6518444959358564,0.8834774806211211
278,128,20.0,23,460.0,58.0,0.7558444535848904,0.6499559328323592,0.9029498477549902,0.125,0.7501878326754781,0.6518444959358564,0.8834774806211211
279,128,20.0,24,480.0,60.0,0.7558444535848904,0.6499559328323592,0.9029498477549902,0.125,0.7501878326754781,0.6518444959358564,0.8834774806211211
280,128,20.0,25,500.0,63.0,0.7558444535848904,0.6499559328323592,0.9029498477549902,0.125,0.7501878326754781,0.6518444959358564,0.8834774806211211
281,128,20.0,26,520.0,65.0,0.7558444535848904,0.6499559328323592,0.9029498477549902,0.125,0.7501878326754781,0.6518444959358564,0.8834774806211211
282,128,20.0,27,540.0,68.0,0.7558444535848904,0.6499559328323592,0.9029498477549902,0.125,0.7501878326754781,0.6518444959358564,0.8834774806211211
283,128,20.0,28,560.0,70.0,0.7558444535848904,0.6499559328323592,0.9029498477549902,0.125,0.7501878326754781,0.6518444959358564,0.8834774806211211
284,128,20.0,29,580.0,73.0,0.7558444535848904,0.6499559328323592,0.9029498477549902,0.125,0.7501878326754781,0.6518444959358564,0.8834774806211211
285,128,20.0,30,600.0,75.0,0.7558444535848904,0.6499559328323592,0.9029498477549902,0.125,0.7501878326754781,0.6518444959358564,0.8834774806211211
286,128,20.0,31,620.0,78.0,0.7558444535848904,0.6499559328323592,0.9029498477549902,0.125,0.7501878326754781,0.6518444959358564,0.8834774806211211
287,128,20.0,32,640.0,80.0,0.7558444535848904,0.6499559328323592,0.9029498477549902,0.125,0.7501878326754781,0.6518444959358564,0.8834774806211211
288,128,22.0,1,22.0,3.0,0.2195612084723808,0.12549733256758533,0.8765929338982777,0.142,0.16007996037362018,0.0878324108293315,0.9021709329278931
289,128,22.0,2,44.0,6.0,0.43512853459499484,0.2956412643166458,0.8238146638526849,0.142,0.3495369648592186,0.22080693345589442,0.8382144014356572
290,128,22.0,3,66.0,9.0,0.5879026200680423,0.5414298696542651,0.6431022538705676,0.142,0.5449290024207826,0.5272197622931718,0.563869295381471
291,128,22.0,4,88.0,11.0,0.6727423230545444,0.6711834509300834,0.6743084532229221,0.142,0.6418575383840927,0.6482371183812502,0.6356023030333242
292,128,22.0,5,110.0,14.0,0.7419948827939118,0.6486796093090559,0.8666688147444056,0.142,0.7304736197383112,0.6463569044238959,0.8397597268263503
293,128,22.0,6,132.0,17.0,0.7528530086272797,0.6531305882213616,0.888514765349358,0.142,0.7433371711227665,0.6494420952629324,0.868971361631066
294,128,22.0,7,154.0,20.0,0.7537746490357827,0.65180092837417,0.8935734884245461,0.142,0.7454130146082338,0.649600029627435,0.8743800004984921
295,128,22.0,8,176.0,22.0,0.7544870314262034,0.6523005720595317,0.8946367869053181,0.142,0.7461219115976344,0.6499204616921312,0.8757508536676554
296,128,22.0,9,198.0,25.0,0.7547100587695756,0.6525483469229504,0.8947978927357381,0.142,0.7459454869661203,0.6495979295683519,0.8758505520799581
297,128,22.0,10,220.0,28.0,0.7543634374851381,0.652235719824244,0.8944112387427301,0.142,0.74592173553105,0.6495619061702835,0.8758505520799581
298,128,22.0,11,242.0,31.0,0.754524210640726,0.652313330279432,0.8947173398205281,0.142,0.7459850760526903,0.6496579774449991,0.8758505520799581
299,128,22.0,12,264.0,33.0,0.7545449604608822,0.6523700440528635,0.8946690080714021,0.142,0.7459955205027227,0.6496875346670118,0.8758256274768824
300,128,22.0,13,286.0,36.0,0.7544990726713181,0.6523271385945539,0.8946206763222762,0.142,0.746045899411927,0.6497365258389572,0.8758754766830338
301,128,22.0,14,308.0,39.0,0.7545583000461944,0.6523557257467727,0.8947334504035701,0.142,0.7460354527120263,0.6497069644474847,0.8759004012861095
302,128,22.0,15,330.0,42.0,0.7545516304347826,0.6523628845634273,0.8947012292374861,0.142,0.7459955205027227,0.6496875346670118,0.8758256274768824
303,128,22.0,16,352.0,44.0,0.7545652173913043,0.6523746314416944,0.8947173398205281,0.142,0.7459822092011125,0.6496810575945271,0.8758007028738067
304,128,22.0,17,374.0,47.0,0.7545685520577167,0.6523710516733034,0.8947334504035701,0.142,0.7459901279125312,0.6496930700391983,0.8758007028738067
305,128,22.0,18,396.0,50.0,0.7545634260171329,0.6523633886200254,0.8947334504035701,0.142,0.7459901279125312,0.6496930700391983,0.8758007028738067
306,128,22.0,19,418.0,53.0,0.7545634260171329,0.6523633886200254,0.8947334504035701,0.142,0.7459901279125312,0.6496930700391983,0.8758007028738067
307,128,22.0,20,440.0,55.0,0.7545685520577167,0.6523710516733034,0.8947334504035701,0.142,0.7459901279125312,0.6496930700391983,0.8758007028738067
308,128,22.0,21,462.0,58.0,0.7545634260171329,0.6523633886200254,0.8947334504035701,0.142,0.7459901279125312,0.6496930700391983,0.8758007028738067
309,128,22.0,22,484.0,61.0,0.7545634260171329,0.6523633886200254,0.8947334504035701,0.142,0.7459901279125312,0.6496930700391983,0.8758007028738067
310,128,22.0,23,506.0,64.0,0.7545634260171329,0.6523633886200254,0.8947334504035701,0.142,0.7459901279125312,0.6496930700391983,0.8758007028738067
311,128,22.0,24,528.0,66.0,0.7545634260171329,0.6523633886200254,0.8947334504035701,0.142,0.7459901279125312,0.6496930700391983,0.8758007028738067
312,128,22.0,25,550.0,69.0,0.7545634260171329,0.6523633886200254,0.8947334504035701,0.142,0.7459901279125312,0.6496930700391983,0.8758007028738067
313,128,22.0,26,572.0,72.0,0.7545634260171329,0.6523633886200254,0.8947334504035701,0.142,0.7459901279125312,0.6496930700391983,0.8758007028738067
314,128,22.0,27,594.0,75.0,0.7545634260171329,0.6523633886200254,0.8947334504035701,0.142,0.7459901279125312,0.6496930700391983,0.8758007028738067
315,128,22.0,28,616.0,77.0,0.7545634260171329,0.6523633886200254,0.8947334504035701,0.142,0.7459901279125312,0.6496930700391983,0.8758007028738067
316,128,22.0,29,638.0,80.0,0.7545634260171329,0.6523633886200254,0.8947334504035701,0.142,0.7459901279125312,0.6496930700391983,0.8758007028738067
317,128,22.0,30,660.0,83.0,0.7545634260171329,0.6523633886200254,0.8947334504035701,0.142,0.7459901279125312,0.6496930700391983,0.8758007028738067
318,128,22.0,31,682.0,86.0,0.7545634260171329,0.6523633886200254,0.8947334504035701,0.142,0.7459901279125312,0.6496930700391983,0.8758007028738067
319,128,22.0,32,704.0,88.0,0.7545634260171329,0.6523633886200254,0.8947334504035701,0.142,0.7459901279125312,0.6496930700391983,0.8758007028738067
320,128,24.0,1,24.0,3.0,0.21982157853314516,0.12727879085657842,0.8054647097678465,0.127,0.18480144276671734,0.10479000892299158,0.7815358540415244
321,128,24.0,2,48.0,6.0,0.3662434325744308,0.2417917073145553,0.7546841520194616,0.127,0.29741815986328424,0.18712215347570516,0.7244086637920291
322,128,24.0,3,72.0,9.0,0.5740524464110842,0.5221154861184419,0.6374635498058675,0.127,0.5465378204261837,0.49855137978506997,0.6047456444256125
323,128,24.0,4,96.0,12.0,0.5402303568643226,0.5507700033478407,0.5300865138309355,0.127,0.5123935920638113,0.5543598073910774,0.4763340893796266
324,128,24.0,5,120.0,15.0,0.7150335653137894,0.6215055554233779,0.8416974110293052,0.127,0.7138112739671434,0.6420903786022983,0.8035692031604397
325,128,24.0,6,144.0,18.0,0.725636087176888,0.6249767181970571,0.8649449823589116,0.127,0.7251018646974645,0.6454241375286842,0.8272226514792752
326,128,24.0,7,168.0,21.0,0.7279592731195846,0.6259711946564,0.8696492726071756,0.127,0.7300535526129981,0.6470021949247179,0.837566361755689
327,128,24.0,8,192.0,24.0,0.7286915736697396,0.6263365809015188,0.8710347827487877,0.127,0.7307838268619817,0.64673933903965,0.8399341990478801
328,128,24.0,9,216.0,27.0,0.7292866816243203,0.6267661092324084,0.8719047542330557,0.127,0.7308810133171387,0.6469063753815438,0.8399092744448045
329,128,24.0,10,240.0,30.0,0.7295309426947221,0.6268273203930692,0.8724847352225678,0.127,0.7309468571800265,0.6468026323362944,0.8402582188878642
330,128,24.0,11,264.0,33.0,0.7294085949077193,0.6267464607762563,0.8722914082260637,0.127,0.7309468571800265,0.6468026323362944,0.8402582188878642
331,128,24.0,12,288.0,36.0,0.7292147922657813,0.6265102069157061,0.8721947447278117,0.127,0.7308843301383527,0.6468228836816551,0.8400588220632587
332,128,24.0,13,312.0,39.0,0.7293960762127977,0.6266780853624664,0.8723880717243157,0.127,0.7307992540873413,0.6467044037225367,0.840033897460183
333,128,24.0,14,336.0,42.0,0.7293471086625628,0.6266390454477068,0.8723236293921477,0.127,0.7308388719627891,0.6467664555747458,0.840033897460183
334,128,24.0,15,360.0,45.0,0.7293520208517144,0.6266462977108072,0.8723236293921477,0.127,0.7308526324919767,0.6467732340580683,0.8400588220632587
335,128,24.0,16,384.0,48.0,0.7293605786715878,0.6266506185841425,0.8723397399751897,0.127,0.730880152655203,0.6467867902442769,0.84010867126941
336,128,24.0,17,408.0,51.0,0.7293385507519683,0.6266347244404323,0.8723075188091057,0.127,0.7308663927227783,0.6467800122812404,0.8400837466663343
337,128,24.0,18,432.0,54.0,0.729333638653538,0.626627472311271,0.8723075188091057,0.127,0.7308663927227783,0.6467800122812404,0.8400837466663343
338,128,24.0,19,456.0,57.0,0.729333638653538,0.626627472311271,0.8723075188091057,0.127,0.7308584686774942,0.646767601174371,0.8400837466663343
339,128,24.0,20,480.0,60.0,0.729333638653538,0.626627472311271,0.8723075188091057,0.127,0.7308584686774942,0.646767601174371,0.8400837466663343
340,128,24.0,21,504.0,63.0,0.729333638653538,0.626627472311271,0.8723075188091057,0.127,0.7308584686774942,0.646767601174371,0.8400837466663343
341,128,24.0,22,528.0,66.0,0.729333638653538,0.626627472311271,0.8723075188091057,0.127,0.7308584686774942,0.646767601174371,0.8400837466663343
342,128,24.0,23,552.0,69.0,0.729333638653538,0.626627472311271,0.8723075188091057,0.127,0.7308584686774942,0.646767601174371,0.8400837466663343
343,128,24.0,24,576.0,72.0,0.729333638653538,0.626627472311271,0.8723075188091057,0.127,0.7308584686774942,0.646767601174371,0.8400837466663343
344,128,24.0,25,600.0,75.0,0.729333638653538,0.626627472311271,0.8723075188091057,0.127,0.7308584686774942,0.646767601174371,0.8400837466663343
345,128,24.0,26,624.0,78.0,0.729333638653538,0.626627472311271,0.8723075188091057,0.127,0.7308584686774942,0.646767601174371,0.8400837466663343
346,128,24.0,27,648.0,81.0,0.729333638653538,0.626627472311271,0.8723075188091057,0.127,0.7308584686774942,0.646767601174371,0.8400837466663343
347,128,24.0,28,672.0,84.0,0.729333638653538,0.626627472311271,0.8723075188091057,0.127,0.7308584686774942,0.646767601174371,0.8400837466663343
348,128,24.0,29,696.0,87.0,0.729333638653538,0.626627472311271,0.8723075188091057,0.127,0.7308584686774942,0.646767601174371,0.8400837466663343
349,128,24.0,30,720.0,90.0,0.729333638653538,0.626627472311271,0.8723075188091057,0.127,0.7308584686774942,0.646767601174371,0.8400837466663343
350,128,24.0,31,744.0,93.0,0.729333638653538,0.626627472311271,0.8723075188091057,0.127,0.7308584686774942,0.646767601174371,0.8400837466663343
351,128,24.0,32,768.0,96.0,0.729333638653538,0.626627472311271,0.8723075188091057,0.127,0.7308584686774942,0.646767601174371,0.8400837466663343
352,256,4.0,1,4.0,1.0,0.08584859687755333,0.04496976732045412,0.943693512268209,0.132,0.05799363197327187,0.02993978486605395,0.9206649884100596
353,256,4.0,2,8.0,1.0,0.24278916020666233,0.14028087254462104,0.9016771116946722,0.132,0.1676201290421913,0.09276354854256477,0.868323321951098
354,256,4.0,3,12.0,2.0,0.5973128698368667,0.4996746909564086,0.7423756665753733,0.132,0.5586079701818253,0.45594262295081966,0.7209441439645073
355,256,4.0,4,16.0,2.0,0.5369304848158256,0.5829794462374724,0.49762368900130494,0.132,0.5628561583927483,0.6009565045136825,0.5292988709154807
356,256,4.0,5,20.0,3.0,0.762477645911234,0.6792650059192463,0.8689242963702857,0.132,0.711015417568442,0.6435567582850334,0.7942723262132051
357,256,4.0,6,24.0,3.0,0.7910025038652565,0.6873952177686884,0.9313850268241207,0.132,0.7458767290700064,0.658801727102518,0.8594750878592259
358,256,4.0,7,28.0,4.0,0.7947257729706108,0.689678466880785,0.9375231589631229,0.132,0.749223009668018,0.6589112094730072,0.8682236235387951
359,256,4.0,8,32.0,4.0,0.7950601439084667,0.6898508488230207,0.9381353611187189,0.132,0.7504139695920518,0.6598778389213518,0.8697440243264126
360,256,4.0,9,36.0,5.0,0.7955758129887144,0.6900351533371998,0.9392308807655749,0.132,0.7502014417860098,0.6592771630348578,0.8702175917848508
361,256,4.0,10,40.0,5.0,0.7956868900566437,0.6902283948424679,0.9391825490164489,0.132,0.7502713624004557,0.6594996977025392,0.8700181949602452
362,256,4.0,11,44.0,6.0,0.7956849847841811,0.6901298424609703,0.939359765429911,0.132,0.7503437312021999,0.6593109957527136,0.8705416116248349
363,256,4.0,12,48.0,6.0,0.7956628248957673,0.6901486812822577,0.939263101931659,0.132,0.7503518214143758,0.6593663859834611,0.8704668378156077
364,256,4.0,13,52.0,7.0,0.7956766199028332,0.6901433458410767,0.939311433680785,0.132,0.750386764073915,0.6594346569988104,0.8704419132125321
365,256,4.0,14,56.0,7.0,0.7957093435049913,0.6901751893939394,0.9393436548468689,0.132,0.7504162772460172,0.6594230260922102,0.8705416116248349
366,256,4.0,15,60.0,8.0,0.7956657614258226,0.6901270078003858,0.939311433680785,0.132,0.7503679432776496,0.6593912846461748,0.8704668378156077
367,256,4.0,16,64.0,8.0,0.7956631208335324,0.6901143384702791,0.9393275442638269,0.132,0.7503679432776496,0.6593912846461748,0.8704668378156077
368,256,4.0,17,68.0,9.0,0.7956821965665002,0.6901343433745636,0.9393436548468689,0.132,0.7503760044690816,0.659403734682703,0.8704668378156077
369,256,4.0,18,72.0,9.0,0.7956876258060114,0.6901425121916576,0.9393436548468689,0.132,0.7503760044690816,0.659403734682703,0.8704668378156077
370,256,4.0,19,76.0,10.0,0.7956739790522329,0.6901306756308887,0.9393275442638269,0.132,0.7503760044690816,0.659403734682703,0.8704668378156077
371,256,4.0,20,80.0,10.0,0.7956685499058379,0.6901225069538971,0.9393275442638269,0.132,0.7503679432776496,0.6593912846461748,0.8704668378156077
372,256,4.0,21,84.0,11.0,0.7956739790522329,0.6901306756308887,0.9393275442638269,0.132,0.7503679432776496,0.6593912846461748,0.8704668378156077
373,256,4.0,22,88.0,11.0,0.7956739790522329,0.6901306756308887,0.9393275442638269,0.132,0.7503679432776496,0.6593912846461748,0.8704668378156077
374,256,4.0,23,92.0,12.0,0.7956739790522329,0.6901306756308887,0.9393275442638269,0.132,0.7503679432776496,0.6593912846461748,0.8704668378156077
375,256,4.0,24,96.0,12.0,0.7956739790522329,0.6901306756308887,0.9393275442638269,0.132,0.7503679432776496,0.6593912846461748,0.8704668378156077
376,256,4.0,25,100.0,13.0,0.7956739790522329,0.6901306756308887,0.9393275442638269,0.132,0.7503679432776496,0.6593912846461748,0.8704668378156077
377,256,4.0,26,104.0,13.0,0.7956739790522329,0.6901306756308887,0.9393275442638269,0.132,0.7503679432776496,0.6593912846461748,0.8704668378156077
378,256,4.0,27,108.0,14.0,0.7956739790522329,0.6901306756308887,0.9393275442638269,0.132,0.7503679432776496,0.6593912846461748,0.8704668378156077
379,256,4.0,28,112.0,14.0,0.7956739790522329,0.6901306756308887,0.9393275442638269,0.132,0.7503679432776496,0.6593912846461748,0.8704668378156077
380,256,4.0,29,116.0,15.0,0.7956739790522329,0.6901306756308887,0.9393275442638269,0.132,0.7503679432776496,0.6593912846461748,0.8704668378156077
381,256,4.0,30,120.0,15.0,0.7956739790522329,0.6901306756308887,0.9393275442638269,0.132,0.7503679432776496,0.6593912846461748,0.8704668378156077
382,256,4.0,31,124.0,16.0,0.7956739790522329,0.6901306756308887,0.9393275442638269,0.132,0.7503679432776496,0.6593912846461748,0.8704668378156077
383,256,4.0,32,128.0,16.0,0.7956739790522329,0.6901306756308887,0.9393275442638269,0.132,0.7503679432776496,0.6593912846461748,0.8704668378156077
384,256,6.0,1,6.0,1.0,0.1398476581546256,0.07582298094435534,0.8987449855810282,0.117,0.10658050795468488,0.056607608606268046,0.9093492186136936
385,256,6.0,2,12.0,2.0,0.3357078005968168,0.21034066534543647,0.830999983889417,0.117,0.29891188486253895,0.18106110917849952,0.8562099648563096
386,256,6.0,3,18.0,3.0,0.617749111267216,0.5519908698960183,0.7012936798182726,0.117,0.5725027214472489,0.5206997917772425,0.6357518506517784
387,256,6.0,4,24.0,3.0,0.5587575100532032,0.6862418469335085,0.4712184433954665,0.117,0.5170980452754385,0.6803285354151419,0.4170384586625458
388,256,6.0,5,30.0,4.0,0.7422415223765005,0.6501908050154461,0.8646549918641555,0.117,0.7366251456223675,0.6689589225041199,0.8195209491288851
389,256,6.0,6,36.0,5.0,0.7585289600702063,0.6602375126812675,0.8912052327173721,0.117,0.750554703109649,0.6736149639375446,0.8473368061613619
390,256,6.0,7,42.0,6.0,0.7612883825509319,0.6610762949247495,0.8973111436902902,0.117,0.7564858165794546,0.6778339321672523,0.8557862466040228
391,256,6.0,8,48.0,6.0,0.7625098307402975,0.662464053996245,0.8981488940084742,0.117,0.7577730051214273,0.6788688479299049,0.8574312704070187
392,256,6.0,9,54.0,7.0,0.7623670321857311,0.6621697048868832,0.8982938892558522,0.117,0.7573366784405638,0.6779817959730485,0.8577303656439271
393,256,6.0,10,60.0,8.0,0.7628230113306118,0.6626826660330284,0.8986161009166922,0.117,0.7573614334583613,0.6778035911167113,0.8580793100869869
394,256,6.0,11,66.0,9.0,0.762817664070886,0.6626045229950589,0.8987449855810282,0.117,0.7571243095746321,0.677750418595489,0.8575558934223972
395,256,6.0,12,72.0,9.0,0.7627890440181049,0.6625963628588737,0.8986805432488602,0.117,0.7570666226550036,0.6777046726026318,0.8574811196131702
396,256,6.0,13,78.0,10.0,0.762759724054943,0.6625608742130894,0.8986644326658182,0.117,0.7571766518127305,0.677803167599086,0.8576057426285486
397,256,6.0,14,84.0,11.0,0.7627616950867645,0.6625726062218632,0.8986483220827762,0.117,0.7571159791829414,0.6777370681164558,0.8575558934223972
398,256,6.0,15,90.0,12.0,0.762787771874765,0.6626119598013828,0.8986483220827762,0.117,0.7570773140864132,0.677690671289001,0.8575309688193216
399,256,6.0,16,96.0,12.0,0.76277212558801,0.6625883470927125,0.8986483220827762,0.117,0.7571159791829414,0.6777370681164558,0.8575558934223972
400,256,6.0,17,102.0,13.0,0.7627584509353463,0.6625764684920117,0.8986322114997342,0.117,0.7571243095746321,0.677750418595489,0.8575558934223972
401,256,6.0,18,108.0,14.0,0.7627669103017293,0.6625804765637993,0.8986483220827762,0.117,0.7571159791829414,0.6777370681164558,0.8575558934223972
402,256,6.0,19,114.0,15.0,0.7627669103017293,0.6625804765637993,0.8986483220827762,0.117,0.7571023039852122,0.6777307199842411,0.8575309688193216
403,256,6.0,20,120.0,15.0,0.7627669103017293,0.6625804765637993,0.8986483220827762,0.117,0.7571023039852122,0.6777307199842411,0.8575309688193216
404,256,6.0,21,126.0,16.0,0.7627669103017293,0.6625804765637993,0.8986483220827762,0.117,0.7571023039852122,0.6777307199842411,0.8575309688193216
405,256,6.0,22,132.0,17.0,0.7627669103017293,0.6625804765637993,0.8986483220827762,0.117,0.7571023039852122,0.6777307199842411,0.8575309688193216
406,256,6.0,23,138.0,18.0,0.7627669103017293,0.6625804765637993,0.8986483220827762,0.117,0.7571023039852122,0.6777307199842411,0.8575309688193216
407,256,6.0,24,144.0,18.0,0.7627669103017293,0.6625804765637993,0.8986483220827762,0.117,0.7571023039852122,0.6777307199842411,0.8575309688193216
408,256,6.0,25,150.0,19.0,0.7627669103017293,0.6625804765637993,0.8986483220827762,0.117,0.7571023039852122,0.6777307199842411,0.8575309688193216
409,256,6.0,26,156.0,20.0,0.7627669103017293,0.6625804765637993,0.8986483220827762,0.117,0.7571023039852122,0.6777307199842411,0.8575309688193216
410,256,6.0,27,162.0,21.0,0.7627669103017293,0.6625804765637993,0.8986483220827762,0.117,0.7571023039852122,0.6777307199842411,0.8575309688193216
411,256,6.0,28,168.0,21.0,0.7627669103017293,0.6625804765637993,0.8986483220827762,0.117,0.7571023039852122,0.6777307199842411,0.8575309688193216
412,256,6.0,29,174.0,22.0,0.7627669103017293,0.6625804765637993,0.8986483220827762,0.117,0.7571023039852122,0.6777307199842411,0.8575309688193216
413,256,6.0,30,180.0,23.0,0.7627669103017293,0.6625804765637993,0.8986483220827762,0.117,0.7571023039852122,0.6777307199842411,0.8575309688193216
414,256,6.0,31,186.0,24.0,0.7627669103017293,0.6625804765637993,0.8986483220827762,0.117,0.7571023039852122,0.6777307199842411,0.8575309688193216
415,256,6.0,32,192.0,24.0,0.7627669103017293,0.6625804765637993,0.8986483220827762,0.117,0.7571023039852122,0.6777307199842411,0.8575309688193216
416,256,8.0,1,8.0,1.0,0.10239132880574847,0.05412575032502559,0.9457073351484591,0.109,0.07174057710686033,0.0373706960363813,0.8934223972483238
417,256,8.0,2,16.0,2.0,0.3312882704014405,0.20325491731017556,0.8951684361457041,0.109,0.2342453821479925,0.1359800313815507,0.8445701752199596
418,256,8.0,3,24.0,3.0,0.6218371209578909,0.5329429495070349,0.7463227594206634,0.109,0.5775586327713641,0.47721432521224344,0.7313377034470726
419,256,8.0,4,32.0,4.0,0.6367083322682617,0.6757397091803515,0.6019397141982569,0.109,0.627332678546373,0.7176795402741661,0.5571895017571845
420,256,8.0,5,40.0,5.0,0.7431095454983281,0.6485019513659561,0.8700359266001837,0.109,0.7379002064849901,0.6772037233710252,0.8105480920216346
421,256,8.0,6,48.0,6.0,0.7565364932914489,0.6555348244018799,0.8943306858275201,0.109,0.7614166926052737,0.6872077856927862,0.8535928815333615
422,256,8.0,7,56.0,7.0,0.763296571956321,0.6597405646534015,0.9054147669604163,0.109,0.7683297371086354,0.6880804495711328,0.8697689489294883
423,256,8.0,8,64.0,8.0,0.7626419617642877,0.6578535377138051,0.9071385993459103,0.109,0.7697296109034955,0.688472050177943,0.8727349766954962
424,256,8.0,9,72.0,9.0,0.7631295585217693,0.6582741377698851,0.9077185803354223,0.109,0.7698698786706524,0.6885258791846042,0.8730091473293288
425,256,8.0,10,80.0,10.0,0.7631954833774479,0.6581436077057793,0.9081535660775564,0.109,0.7701150688544768,0.6887630730518204,0.8732583933600857
426,256,8.0,11,88.0,11.0,0.763162526230285,0.6580861322219498,0.9081696766605983,0.109,0.7702772497005529,0.6888364779874214,0.8735574885969941
427,256,8.0,12,96.0,12.0,0.7632018954137756,0.6581362224764751,0.9081857872436403,0.109,0.7701859258933674,0.6887369062358745,0.873482714787767
428,256,8.0,13,104.0,13.0,0.7632740367692848,0.6581758326426261,0.9083146719079763,0.109,0.7701825134330326,0.688715953307393,0.8735076393908427
429,256,8.0,14,112.0,14.0,0.7632804462013321,0.6581684468569428,0.9083468930740604,0.109,0.7702484424275055,0.6887749086192666,0.8735824132000698
430,256,8.0,15,120.0,15.0,0.763275279720043,0.6581607638969953,0.9083468930740604,0.109,0.7702653700346135,0.6888019809763384,0.8735824132000698
431,256,8.0,16,128.0,16.0,0.763259780695817,0.6581377160933359,0.9083468930740604,0.109,0.7702484424275055,0.6887749086192666,0.8735824132000698
432,256,8.0,17,136.0,17.0,0.763264946967287,0.6581453985151982,0.9083468930740604,0.109,0.7702484424275055,0.6887749086192666,0.8735824132000698
433,256,8.0,18,144.0,18.0,0.763259780695817,0.6581377160933359,0.9083468930740604,0.109,0.7702569061380568,0.6887884445317873,0.8735824132000698
434,256,8.0,19,152.0,19.0,0.763259780695817,0.6581377160933359,0.9083468930740604,0.109,0.7702569061380568,0.6887884445317873,0.8735824132000698
435,256,8.0,20,160.0,20.0,0.7632701133086952,0.6581530811164159,0.9083468930740604,0.109,0.7702484424275055,0.6887749086192666,0.8735824132000698
436,256,8.0,21,168.0,21.0,0.763264946967287,0.6581453985151982,0.9083468930740604,0.109,0.7702484424275055,0.6887749086192666,0.8735824132000698
437,256,8.0,22,176.0,22.0,0.763264946967287,0.6581453985151982,0.9083468930740604,0.109,0.7702484424275055,0.6887749086192666,0.8735824132000698
438,256,8.0,23,184.0,23.0,0.763264946967287,0.6581453985151982,0.9083468930740604,0.109,0.7702484424275055,0.6887749086192666,0.8735824132000698
439,256,8.0,24,192.0,24.0,0.763264946967287,0.6581453985151982,0.9083468930740604,0.109,0.7702484424275055,0.6887749086192666,0.8735824132000698
440,256,8.0,25,200.0,25.0,0.763264946967287,0.6581453985151982,0.9083468930740604,0.109,0.7702484424275055,0.6887749086192666,0.8735824132000698
441,256,8.0,26,208.0,26.0,0.763264946967287,0.6581453985151982,0.9083468930740604,0.109,0.7702484424275055,0.6887749086192666,0.8735824132000698
442,256,8.0,27,216.0,27.0,0.763264946967287,0.6581453985151982,0.9083468930740604,0.109,0.7702484424275055,0.6887749086192666,0.8735824132000698
443,256,8.0,28,224.0,28.0,0.763264946967287,0.6581453985151982,0.9083468930740604,0.109,0.7702484424275055,0.6887749086192666,0.8735824132000698
444,256,8.0,29,232.0,29.0,0.763264946967287,0.6581453985151982,0.9083468930740604,0.109,0.7702484424275055,0.6887749086192666,0.8735824132000698
445,256,8.0,30,240.0,30.0,0.763264946967287,0.6581453985151982,0.9083468930740604,0.109,0.7702484424275055,0.6887749086192666,0.8735824132000698
446,256,8.0,31,248.0,31.0,0.763264946967287,0.6581453985151982,0.9083468930740604,0.109,0.7702484424275055,0.6887749086192666,0.8735824132000698
447,256,8.0,32,256.0,32.0,0.763264946967287,0.6581453985151982,0.9083468930740604,0.109,0.7702484424275055,0.6887749086192666,0.8735824132000698
448,256,10.0,1,10.0,2.0,0.12895507920072258,0.06920965913054582,0.943016867780445,0.101,0.09108751095879493,0.047938947707851884,0.9115425836843548
449,256,10.0,2,20.0,3.0,0.29011179730470543,0.17294670127810371,0.8994699618179182,0.101,0.2292425099514487,0.1331623848920283,0.8232097903840881
450,256,10.0,3,30.0,4.0,0.6227141856664852,0.5211035261175807,0.7735496447616439,0.101,0.5894312522625651,0.48516573784750183,0.7507788938461155
451,256,10.0,4,40.0,5.0,0.602230883359086,0.5759277774510381,0.6310515377551513,0.101,0.5518602098824806,0.5461290637508542,0.5577129184217742
452,256,10.0,5,50.0,7.0,0.7373366073135228,0.6781111817284418,0.8078974078071886,0.101,0.688096648110861,0.6555778735697037,0.7240098701428179
453,256,10.0,6,60.0,8.0,0.7471880653365145,0.6298498226382151,0.9182549016448905,0.101,0.7059680702882246,0.6191433779999624,0.8211161237257296
454,256,10.0,7,70.0,9.0,0.7493888802205233,0.6281977219467001,0.9285173430426447,0.101,0.7104829711492481,0.6192575577949022,0.833229480820518
455,256,10.0,8,80.0,10.0,0.7499042363252719,0.6280531570132892,0.9304183918416008,0.101,0.7126441659858461,0.6204367425362105,0.8370429450910994
456,256,10.0,9,90.0,12.0,0.7502694700206486,0.6284113776037418,0.9307567140854828,0.101,0.7132794432775337,0.6209068242681688,0.8379402308018244
457,256,10.0,10,100.0,13.0,0.7503683749310311,0.6283592798747608,0.9311755892445748,0.101,0.7131217110847055,0.6208183245589729,0.8376660601679918
458,256,10.0,11,110.0,14.0,0.7502742135425794,0.6282198987022586,0.9311916998276167,0.101,0.7128441827152633,0.6206304042568915,0.837242341915705
459,256,10.0,12,120.0,15.0,0.7504105410054197,0.6283670674174403,0.9312883633258687,0.101,0.7129595246936501,0.6206820113052794,0.8374666633433863
460,256,10.0,13,130.0,17.0,0.7503245235993562,0.6282757796110912,0.9312239209937008,0.101,0.7129639454194342,0.620729792147806,0.8373918895341592
461,256,10.0,14,140.0,18.0,0.7503732069838384,0.6283220469787715,0.9312722527428268,0.101,0.712960998175105,0.6206979364874101,0.8374417387403106
462,256,10.0,15,150.0,19.0,0.7503829279057089,0.6283136786044237,0.9313205844919528,0.101,0.7129049028657521,0.6206539811564752,0.8373669649310834
463,256,10.0,16,160.0,20.0,0.7503764473752532,0.6283192573993761,0.9312883633258687,0.101,0.7129322143592247,0.6206679967486884,0.8374168141372349
464,256,10.0,17,170.0,22.0,0.7503715771095519,0.6283124279906959,0.9312883633258687,0.101,0.7129261227997581,0.6206724552004433,0.8373918895341592
465,256,10.0,18,180.0,23.0,0.750368336675948,0.6283152173913044,0.9312722527428268,0.101,0.7129397784662396,0.620679462784726,0.8374168141372349
466,256,10.0,19,190.0,24.0,0.7503764473752532,0.6283192573993761,0.9312883633258687,0.101,0.7129397784662396,0.620679462784726,0.8374168141372349
467,256,10.0,20,200.0,25.0,0.7503764473752532,0.6283192573993761,0.9312883633258687,0.101,0.7129397784662396,0.620679462784726,0.8374168141372349
468,256,10.0,21,210.0,27.0,0.7503764473752532,0.6283192573993761,0.9312883633258687,0.101,0.7129397784662396,0.620679462784726,0.8374168141372349
469,256,10.0,22,220.0,28.0,0.7503764473752532,0.6283192573993761,0.9312883633258687,0.101,0.7129397784662396,0.620679462784726,0.8374168141372349
470,256,10.0,23,230.0,29.0,0.7503764473752532,0.6283192573993761,0.9312883633258687,0.101,0.7129397784662396,0.620679462784726,0.8374168141372349
471,256,10.0,24,240.0,30.0,0.7503764473752532,0.6283192573993761,0.9312883633258687,0.101,0.7129397784662396,0.620679462784726,0.8374168141372349
472,256,10.0,25,250.0,32.0,0.7503764473752532,0.6283192573993761,0.9312883633258687,0.101,0.7129397784662396,0.620679462784726,0.8374168141372349
473,256,10.0,26,260.0,33.0,0.7503764473752532,0.6283192573993761,0.9312883633258687,0.101,0.7129397784662396,0.620679462784726,0.8374168141372349
474,256,10.0,27,270.0,34.0,0.7503764473752532,0.6283192573993761,0.9312883633258687,0.101,0.7129397784662396,0.620679462784726,0.8374168141372349
475,256,10.0,28,280.0,35.0,0.7503764473752532,0.6283192573993761,0.9312883633258687,0.101,0.7129397784662396,0.620679462784726,0.8374168141372349
476,256,10.0,29,290.0,37.0,0.7503764473752532,0.6283192573993761,0.9312883633258687,0.101,0.7129397784662396,0.620679462784726,0.8374168141372349
477,256,10.0,30,300.0,38.0,0.7503764473752532,0.6283192573993761,0.9312883633258687,0.101,0.7129397784662396,0.620679462784726,0.8374168141372349
478,256,10.0,31,310.0,39.0,0.7503764473752532,0.6283192573993761,0.9312883633258687,0.101,0.7129397784662396,0.620679462784726,0.8374168141372349
479,256,10.0,32,320.0,40.0,0.7503764473752532,0.6283192573993761,0.9312883633258687,0.101,0.7129397784662396,0.620679462784726,0.8374168141372349
480,256,12.0,1,12.0,2.0,0.2459631909564686,0.14292769217503548,0.8812488923974159,0.127,0.17760814506119896,0.09880406746170967,0.877420802073727
481,256,12.0,2,24.0,3.0,0.379137701004143,0.24239390524761054,0.8698587101867217,0.127,0.2839034298501047,0.17083548874620902,0.8395852546048204
482,256,12.0,3,36.0,5.0,0.614762134916799,0.5379233678512306,0.7172109358637689,0.127,0.580927114408692,0.5202287066246056,0.6576605767553152
483,256,12.0,4,48.0,6.0,0.5848880365689345,0.6006009574576444,0.5699763174429282,0.127,0.5748638082420048,0.5917559508101546,0.5589092993694076
484,256,12.0,5,60.0,8.0,0.7617872376849224,0.6835246982322748,0.8602890238597735,0.127,0.7410649969524019,0.6671788322624417,0.8333541038358964
485,256,12.0,6,72.0,9.0,0.7906870355994234,0.6938723373194974,0.9188993249665706,0.127,0.7598309761986891,0.669439854122742,0.8784427107998305
486,256,12.0,7,84.0,11.0,0.7945739380411724,0.6956968948909703,0.9262135296676387,0.127,0.7644356673678788,0.6712785809881058,0.8876149647316867
487,256,12.0,8,96.0,12.0,0.7954320927951143,0.6963037325527952,0.9274701551449147,0.127,0.7651517588155201,0.6713576158940397,0.8894095361531368
488,256,12.0,9,108.0,14.0,0.7956214455303408,0.6959682190854535,0.9285817853748127,0.127,0.7647096649733137,0.6707906364576478,0.8892101393285312
489,256,12.0,10,120.0,15.0,0.7957614248239679,0.6961915230284217,0.9285656747917708,0.127,0.7647292097619532,0.6708349003384732,0.8891852147254555
490,256,12.0,11,132.0,17.0,0.7957505850193626,0.6961568191700083,0.9285978959578547,0.127,0.7648395463997084,0.670947966226,0.8892849131377583
491,256,12.0,12,144.0,18.0,0.7957257936480544,0.696127925795309,0.9285817853748127,0.127,0.7647840531561461,0.6708341950403279,0.8893347623439096
492,256,12.0,13,156.0,20.0,0.7957480586712683,0.6961257910245882,0.9286462277069807,0.127,0.7648086424384022,0.6708720339939082,0.8893347623439096
493,256,12.0,14,168.0,21.0,0.7957122840439262,0.6960800888803014,0.9286301171239387,0.127,0.7648036010931889,0.6708784596871239,0.8893098377408339
494,256,12.0,15,180.0,23.0,0.7957066436583262,0.6960895608907782,0.9285978959578547,0.127,0.7647771239938693,0.6708660825091196,0.8892599885346826
495,256,12.0,16,192.0,24.0,0.7956818542625814,0.6960606719319856,0.9285817853748127,0.127,0.7647954043684223,0.6708658456331672,0.8893098377408339
496,256,12.0,17,204.0,26.0,0.7956818542625814,0.6960606719319856,0.9285817853748127,0.127,0.7647954043684223,0.6708658456331672,0.8893098377408339
497,256,12.0,18,216.0,27.0,0.7956818542625814,0.6960606719319856,0.9285817853748127,0.127,0.7647954043684223,0.6708658456331672,0.8893098377408339
498,256,12.0,19,228.0,29.0,0.7956818542625814,0.6960606719319856,0.9285817853748127,0.127,0.7647954043684223,0.6708658456331672,0.8893098377408339
499,256,12.0,20,240.0,30.0,0.7956763621805933,0.6960522661127683,0.9285817853748127,0.127,0.7648036010931889,0.6708784596871239,0.8893098377408339
500,256,12.0,21,252.0,32.0,0.7956818542625814,0.6960606719319856,0.9285817853748127,0.127,0.7648036010931889,0.6708784596871239,0.8893098377408339
501,256,12.0,22,264.0,33.0,0.7956763621805933,0.6960522661127683,0.9285817853748127,0.127,0.7648036010931889,0.6708784596871239,0.8893098377408339
502,256,12.0,23,276.0,35.0,0.7956763621805933,0.6960522661127683,0.9285817853748127,0.127,0.7648036010931889,0.6708784596871239,0.8893098377408339
503,256,12.0,24,288.0,36.0,0.7956763621805933,0.6960522661127683,0.9285817853748127,0.127,0.7648036010931889,0.6708784596871239,0.8893098377408339
504,256,12.0,25,300.0,38.0,0.7956763621805933,0.6960522661127683,0.9285817853748127,0.127,0.7648036010931889,0.6708784596871239,0.8893098377408339
505,256,12.0,26,312.0,39.0,0.7956763621805933,0.6960522661127683,0.9285817853748127,0.127,0.7648036010931889,0.6708784596871239,0.8893098377408339
506,256,12.0,27,324.0,41.0,0.7956763621805933,0.6960522661127683,0.9285817853748127,0.127,0.7648036010931889,0.6708784596871239,0.8893098377408339
507,256,12.0,28,336.0,42.0,0.7956763621805933,0.6960522661127683,0.9285817853748127,0.127,0.7648036010931889,0.6708784596871239,0.8893098377408339
508,256,12.0,29,348.0,44.0,0.7956763621805933,0.6960522661127683,0.9285817853748127,0.127,0.7648036010931889,0.6708784596871239,0.8893098377408339
509,256,12.0,30,360.0,45.0,0.7956763621805933,0.6960522661127683,0.9285817853748127,0.127,0.7648036010931889,0.6708784596871239,0.8893098377408339
510,256,12.0,31,372.0,47.0,0.7956763621805933,0.6960522661127683,0.9285817853748127,0.127,0.7648036010931889,0.6708784596871239,0.8893098377408339
511,256,12.0,32,384.0,48.0,0.7956763621805933,0.6960522661127683,0.9285817853748127,0.127,0.7648036010931889,0.6708784596871239,0.8893098377408339
512,256,14.0,1,14.0,2.0,0.15036594174975412,0.08181660525836973,0.9272768281484107,0.09,0.1290606401944176,0.06947484215471703,0.9067072106876698
513,256,14.0,2,28.0,4.0,0.40168916999640203,0.2625715474044879,0.8543442187172754,0.09,0.31928314119327755,0.1971906950567489,0.8383639490541113
514,256,14.0,3,42.0,6.0,0.5999762700744701,0.5292828292779037,0.6924650803112564,0.09,0.5812092303138625,0.5349329421626152,0.6362503427132923
515,256,14.0,4,56.0,7.0,0.575281324854814,0.6183525663585678,0.5378195936910957,0.09,0.4840119820555819,0.5694772344013491,0.4208519229331273
516,256,14.0,5,70.0,9.0,0.7349528291299763,0.6860822438261258,0.7913196178569702,0.09,0.7053559322033898,0.6977611940298507,0.7131178185987388
517,256,14.0,6,84.0,11.0,0.7658821570314452,0.6726262293883222,0.889159188671038,0.09,0.7563906538457181,0.693182761770323,0.8322823459036415
518,256,14.0,7,98.0,13.0,0.7753022141601009,0.6797955392591334,0.9020315445215963,0.09,0.7730011600536102,0.7051245171365168,0.8553376037486603
519,256,14.0,8,112.0,14.0,0.7759312637051952,0.6782885456978552,0.9064136231090203,0.09,0.7742066034872349,0.7051523591087812,0.8582537823085168
520,256,14.0,9,126.0,16.0,0.7754666005017505,0.6776237337541104,0.9063330701938103,0.09,0.7741399256455471,0.7045714753025842,0.8589516711946362
521,256,14.0,10,140.0,18.0,0.775060619420258,0.6770039832966293,0.9063330701938103,0.09,0.7741522712731925,0.7042066571370227,0.8595249370653772
522,256,14.0,11,154.0,20.0,0.7751412429378531,0.6771719895508553,0.9062525172786003,0.09,0.7744448685421764,0.7045570602773863,0.8597243338899828
523,256,14.0,12,168.0,21.0,0.7754159920074414,0.6774294519888279,0.9065425077733563,0.09,0.7743637527083309,0.7044897458942724,0.85962463547768
524,256,14.0,13,182.0,23.0,0.7753338570306363,0.6774030415046176,0.9063652913598943,0.09,0.7743985270508459,0.7045473116522307,0.85962463547768
525,256,14.0,14,196.0,25.0,0.7753684602186989,0.677401878160366,0.9064619548581463,0.09,0.7744173514751449,0.7045449902972117,0.8596744846838315
526,256,14.0,15,210.0,27.0,0.7753386525555693,0.6773653732708907,0.9064458442751043,0.09,0.7743825774584644,0.7044874282562961,0.8596744846838315
527,256,14.0,16,224.0,28.0,0.7753493371551415,0.6773816833411589,0.9064458442751043,0.09,0.7743637527083309,0.7044897458942724,0.85962463547768
528,256,14.0,17,238.0,30.0,0.7753378029201607,0.677382070360471,0.9064136231090203,0.09,0.7743825774584644,0.7044874282562961,0.8596744846838315
529,256,14.0,18,252.0,32.0,0.775332460552608,0.6773739149279427,0.9064136231090203,0.09,0.7743775118435529,0.7044957820127867,0.8596495600807557
530,256,14.0,19,266.0,34.0,0.7753493371551415,0.6773816833411589,0.9064458442751043,0.09,0.7743912706698548,0.7045018178847176,0.8596744846838315
531,256,14.0,20,280.0,35.0,0.7753408989120174,0.6773777991813147,0.9064297336920624,0.09,0.7743775118435529,0.7044957820127867,0.8596495600807557
532,256,14.0,21,294.0,37.0,0.7753408989120174,0.6773777991813147,0.9064297336920624,0.09,0.7743775118435529,0.7044957820127867,0.8596495600807557
533,256,14.0,22,308.0,39.0,0.7753408989120174,0.6773777991813147,0.9064297336920624,0.09,0.7743775118435529,0.7044957820127867,0.8596495600807557
534,256,14.0,23,322.0,41.0,0.7753408989120174,0.6773777991813147,0.9064297336920624,0.09,0.7743775118435529,0.7044957820127867,0.8596495600807557
535,256,14.0,24,336.0,42.0,0.7753408989120174,0.6773777991813147,0.9064297336920624,0.09,0.7743775118435529,0.7044957820127867,0.8596495600807557
536,256,14.0,25,350.0,44.0,0.7753408989120174,0.6773777991813147,0.9064297336920624,0.09,0.7743775118435529,0.7044957820127867,0.8596495600807557
537,256,14.0,26,364.0,46.0,0.7753408989120174,0.6773777991813147,0.9064297336920624,0.09,0.7743775118435529,0.7044957820127867,0.8596495600807557
538,256,14.0,27,378.0,48.0,0.7753408989120174,0.6773777991813147,0.9064297336920624,0.09,0.7743775118435529,0.7044957820127867,0.8596495600807557
539,256,14.0,28,392.0,49.0,0.7753408989120174,0.6773777991813147,0.9064297336920624,0.09,0.7743775118435529,0.7044957820127867,0.8596495600807557
540,256,14.0,29,406.0,51.0,0.7753408989120174,0.6773777991813147,0.9064297336920624,0.09,0.7743775118435529,0.7044957820127867,0.8596495600807557
541,256,14.0,30,420.0,53.0,0.7753408989120174,0.6773777991813147,0.9064297336920624,0.09,0.7743775118435529,0.7044957820127867,0.8596495600807557
542,256,14.0,31,434.0,55.0,0.7753408989120174,0.6773777991813147,0.9064297336920624,0.09,0.7743775118435529,0.7044957820127867,0.8596495600807557
543,256,14.0,32,448.0,56.0,0.7753408989120174,0.6773777991813147,0.9064297336920624,0.09,0.7743775118435529,0.7044957820127867,0.8596495600807557
544,256,16.0,1,16.0,2.0,0.15693005560433132,0.08630371349156406,0.8638977944611815,0.109,0.10180415531286018,0.05402901799385098,0.8795144687320855
545,256,16.0,2,32.0,4.0,0.3256578736497965,0.20326985943445677,0.8184337291166567,0.109,0.2564114868890942,0.15270698968266821,0.7990578500037387
546,256,16.0,3,48.0,6.0,0.5536592082212808,0.4350416175604007,0.7612089381514717,0.109,0.5227852716004374,0.40636144978021066,0.7327085566162359
547,256,16.0,4,64.0,8.0,0.5966150472797039,0.6369305608895228,0.5610993861867861,0.109,0.5499813682597955,0.616186293913904,0.49662271628324317
548,256,16.0,5,80.0,10.0,0.6811612623457022,0.6355050223214286,0.7338853893122392,0.109,0.6572025738574984,0.6212952068023888,0.6975150170733531
549,256,16.0,6,96.0,12.0,0.747582124395531,0.6572315134930428,0.8667332570765736,0.109,0.7167233291733012,0.6305298426940769,0.8302136038483587
550,256,16.0,7,112.0,14.0,0.7541097075618619,0.6610722780447551,0.8776240112129658,0.109,0.7227538800279255,0.6350218934017817,0.8386131950848683
551,256,16.0,8,128.0,16.0,0.7546548395801476,0.6613709129717668,0.8785745356124438,0.109,0.72406852248394,0.634659058916271,0.8428005284015853
552,256,16.0,9,144.0,18.0,0.7552584966234916,0.6618965036321962,0.8792834012662918,0.109,0.7241275958038963,0.6346085292406987,0.8430497744323422
553,256,16.0,10,160.0,20.0,0.7553138492195284,0.6619450137647501,0.8793478435984599,0.109,0.7243873729266989,0.6346828179789608,0.8436230403030832
554,256,16.0,11,176.0,22.0,0.7550376439326838,0.6617581057968729,0.8789289684393679,0.109,0.7245253943453973,0.6348241912798874,0.8437476633184616
555,256,16.0,12,192.0,24.0,0.7552191091705475,0.6618999102442811,0.8791706271849978,0.109,0.7246327187904598,0.634862006899655,0.8439719847461429
556,256,16.0,13,208.0,26.0,0.7551653035524003,0.6618355144267505,0.8791384060189138,0.109,0.7244748360032961,0.6347747815324607,0.8436978141123103
557,256,16.0,14,224.0,28.0,0.7551533016419987,0.6618353386376867,0.8791061848528299,0.109,0.7245858836622009,0.6348465245354484,0.8438722863338401
558,256,16.0,15,240.0,30.0,0.7551655894930596,0.6618633480101404,0.8790900742697878,0.109,0.7244844450627655,0.6348036457747271,0.8436728895092346
559,256,16.0,16,256.0,32.0,0.7551742033698924,0.6618674494202125,0.8791061848528299,0.109,0.7244497233903674,0.6347221180529513,0.843722738715386
560,256,16.0,17,272.0,34.0,0.7551689778294445,0.6618594214324701,0.8791061848528299,0.109,0.7245117448766654,0.6348173430350311,0.843722738715386
561,256,16.0,18,288.0,36.0,0.7551708150823802,0.6618713762402659,0.8790900742697878,0.109,0.7245039916101277,0.6348054383497421,0.843722738715386
562,256,16.0,19,304.0,38.0,0.7551603639760578,0.6618553199747708,0.8790900742697878,0.109,0.7245039916101277,0.6348054383497421,0.843722738715386
563,256,16.0,20,320.0,40.0,0.7551603639760578,0.6618553199747708,0.8790900742697878,0.109,0.7244807328061296,0.6347697269726973,0.843722738715386
564,256,16.0,21,336.0,42.0,0.7551603639760578,0.6618553199747708,0.8790900742697878,0.109,0.7244962385095294,0.6347935341109403,0.843722738715386
565,256,16.0,22,352.0,44.0,0.7551603639760578,0.6618553199747708,0.8790900742697878,0.109,0.7245117448766654,0.6348173430350311,0.843722738715386
566,256,16.0,23,368.0,46.0,0.7551603639760578,0.6618553199747708,0.8790900742697878,0.109,0.7245039916101277,0.6348054383497421,0.843722738715386
567,256,16.0,24,384.0,48.0,0.7551603639760578,0.6618553199747708,0.8790900742697878,0.109,0.7245039916101277,0.6348054383497421,0.843722738715386
568,256,16.0,25,400.0,50.0,0.7551603639760578,0.6618553199747708,0.8790900742697878,0.109,0.7245039916101277,0.6348054383497421,0.843722738715386
569,256,16.0,26,416.0,52.0,0.7551603639760578,0.6618553199747708,0.8790900742697878,0.109,0.7245039916101277,0.6348054383497421,0.843722738715386
570,256,16.0,27,432.0,54.0,0.7551603639760578,0.6618553199747708,0.8790900742697878,0.109,0.7245039916101277,0.6348054383497421,0.843722738715386
571,256,16.0,28,448.0,56.0,0.7551603639760578,0.6618553199747708,0.8790900742697878,0.109,0.7245039916101277,0.6348054383497421,0.843722738715386
572,256,16.0,29,464.0,58.0,0.7551603639760578,0.6618553199747708,0.8790900742697878,0.109,0.7245039916101277,0.6348054383497421,0.843722738715386
573,256,16.0,30,480.0,60.0,0.7551603639760578,0.6618553199747708,0.8790900742697878,0.109,0.7245039916101277,0.6348054383497421,0.843722738715386
574,256,16.0,31,496.0,62.0,0.7551603639760578,0.6618553199747708,0.8790900742697878,0.109,0.7245039916101277,0.6348054383497421,0.843722738715386
575,256,16.0,32,512.0,64.0,0.7551603639760578,0.6618553199747708,0.8790900742697878,0.109,0.7245039916101277,0.6348054383497421,0.843722738715386
576,256,18.0,1,18.0,3.0,0.1146511903351889,0.06147170409314205,0.8499299189637674,0.109,0.07312227069545849,0.038207495816390324,0.8484833379028439
577,256,18.0,2,36.0,5.0,0.3024855242169075,0.18231190304410275,0.8874836880346699,0.109,0.24315709308696684,0.14108449634102452,0.8793649211136313
578,256,18.0,3,54.0,7.0,0.5713452282561136,0.4586996614006499,0.7573262876383496,0.109,0.5789647277948081,0.47394501532646155,0.7437750803818449
579,256,18.0,4,72.0,9.0,0.6312519037465733,0.6864329787636749,0.5842825151842245,0.109,0.5797192511459865,0.6787266769210192,0.5059195932304779
580,256,18.0,5,90.0,12.0,0.7305106037094511,0.674729384785487,0.7963461197660744,0.109,0.6981915963129398,0.6791319100805882,0.718351985244635
581,256,18.0,6,108.0,14.0,0.7820396291583348,0.69082823790995,0.9010004672069082,0.109,0.7638574881110158,0.6904445518241121,0.8547394132748436
582,256,18.0,7,126.0,16.0,0.7859604835186172,0.690009985144054,0.9129061880749464,0.109,0.7719774160822196,0.6922650950299626,0.8724358814585877
583,256,18.0,8,144.0,18.0,0.7864568563029568,0.6890696208668671,0.9159027565207585,0.109,0.7742751829234747,0.6931092900480655,0.8769721592183645
584,256,18.0,9,162.0,21.0,0.786055198173895,0.6887356210378308,0.9154033284464564,0.109,0.7740763973719832,0.6930398455050645,0.8765733655691533
585,256,18.0,10,180.0,23.0,0.7859405036856736,0.6884775208073368,0.9155483236938344,0.109,0.7742041929735795,0.6928710649105192,0.87717155604297
586,256,18.0,11,198.0,25.0,0.7862279755483639,0.6887365067057584,0.9158705353546744,0.109,0.7744114411441144,0.6931408653183403,0.8772712544552728
587,256,18.0,12,216.0,27.0,0.7862699406017274,0.6887553606473966,0.9159510882698845,0.109,0.774299291591499,0.6929923011794357,0.8772214052491214
588,256,18.0,13,234.0,30.0,0.7861824819537018,0.6886393643179863,0.9159188671038004,0.109,0.7743638823801194,0.6930802252766728,0.8772463298521971
589,256,18.0,14,252.0,32.0,0.7862699406017274,0.6887553606473966,0.9159510882698845,0.109,0.7744164044795494,0.6931332585021956,0.8772961790583484
590,256,18.0,15,270.0,34.0,0.7862645037270602,0.6887470168510061,0.9159510882698845,0.109,0.7744029218600456,0.6931272154391492,0.8772712544552728
591,256,18.0,16,288.0,36.0,0.7862481935541865,0.6887219866747426,0.9159510882698845,0.109,0.7744029218600456,0.6931272154391492,0.8772712544552728
592,256,18.0,17,306.0,39.0,0.7862620228044336,0.6887341005451242,0.9159671988529264,0.109,0.7743944027634155,0.6931135660975561,0.8772712544552728
593,256,18.0,18,324.0,41.0,0.7862565861348896,0.6887257574105704,0.9159671988529264,0.109,0.7743944027634155,0.6931135660975561,0.8772712544552728
594,256,18.0,19,342.0,43.0,0.7862565861348896,0.6887257574105704,0.9159671988529264,0.109,0.774385883854218,0.6930999172935292,0.8772712544552728
595,256,18.0,20,360.0,45.0,0.7862565861348896,0.6887257574105704,0.9159671988529264,0.109,0.774385883854218,0.6930999172935292,0.8772712544552728
596,256,18.0,21,378.0,48.0,0.7862565861348896,0.6887257574105704,0.9159671988529264,0.109,0.774385883854218,0.6930999172935292,0.8772712544552728
597,256,18.0,22,396.0,50.0,0.7862565861348896,0.6887257574105704,0.9159671988529264,0.109,0.774385883854218,0.6930999172935292,0.8772712544552728
598,256,18.0,23,414.0,52.0,0.7862565861348896,0.6887257574105704,0.9159671988529264,0.109,0.774385883854218,0.6930999172935292,0.8772712544552728
599,256,18.0,24,432.0,54.0,0.7862565861348896,0.6887257574105704,0.9159671988529264,0.109,0.774385883854218,0.6930999172935292,0.8772712544552728
600,256,18.0,25,450.0,57.0,0.7862565861348896,0.6887257574105704,0.9159671988529264,0.109,0.774385883854218,0.6930999172935292,0.8772712544552728
601,256,18.0,26,468.0,59.0,0.7862565861348896,0.6887257574105704,0.9159671988529264,0.109,0.774385883854218,0.6930999172935292,0.8772712544552728
602,256,18.0,27,486.0,61.0,0.7862565861348896,0.6887257574105704,0.9159671988529264,0.109,0.774385883854218,0.6930999172935292,0.8772712544552728
603,256,18.0,28,504.0,63.0,0.7862565861348896,0.6887257574105704,0.9159671988529264,0.109,0.774385883854218,0.6930999172935292,0.8772712544552728
604,256,18.0,29,522.0,66.0,0.7862565861348896,0.6887257574105704,0.9159671988529264,0.109,0.774385883854218,0.6930999172935292,0.8772712544552728
605,256,18.0,30,540.0,68.0,0.7862565861348896,0.6887257574105704,0.9159671988529264,0.109,0.774385883854218,0.6930999172935292,0.8772712544552728
606,256,18.0,31,558.0,70.0,0.7862565861348896,0.6887257574105704,0.9159671988529264,0.109,0.774385883854218,0.6930999172935292,0.8772712544552728
607,256,18.0,32,576.0,72.0,0.7862565861348896,0.6887257574105704,0.9159671988529264,0.109,0.774385883854218,0.6930999172935292,0.8772712544552728
608,256,20.0,1,20.0,3.0,0.16194875171940534,0.0895242599040933,0.8478677643343913,0.113,0.11939120214140082,0.06423719750150751,0.8443458537922783
609,256,20.0,2,40.0,5.0,0.3344937205767766,0.20493356567196688,0.9094585233039584,0.113,0.27166553437707536,0.16039389773982018,0.8870416988609456
610,256,20.0,3,60.0,8.0,0.6521880271156233,0.5390807500473515,0.8253612798247169,0.113,0.6261258157550225,0.5173900312337324,0.7927270008225119
611,256,20.0,4,80.0,10.0,0.6297922789206518,0.6536175374750888,0.607642860595125,0.113,0.6738254348824159,0.689927136925126,0.6584581640537375
612,256,20.0,5,100.0,13.0,0.7198712312448592,0.6428942335701711,0.8177893057949768,0.113,0.7174556051560231,0.6381941747572816,0.8191969292889011
613,256,20.0,6,120.0,15.0,0.763134287082566,0.6563711043556958,0.9113756826859564,0.113,0.7572343391361764,0.6533494899804674,0.9004012861095188
614,256,20.0,7,140.0,18.0,0.7702597437481533,0.660394956531752,0.9239741586248006,0.113,0.7578940806084599,0.6498521079077724,0.9090251987737096
615,256,20.0,8,160.0,20.0,0.770863217728205,0.6600585433048269,0.9263746354980587,0.113,0.7583454281567489,0.6491950513853636,0.911617357493582
616,256,20.0,9,180.0,23.0,0.771169915501263,0.6601730111745945,0.9270351694027806,0.113,0.7578812145824483,0.6484771123639329,0.911692131302809
617,256,20.0,10,200.0,25.0,0.7712997272830828,0.660265234948605,0.9272284963992847,0.113,0.7579065095375184,0.6483125166090885,0.9120909249520202
618,256,20.0,11,220.0,28.0,0.7712759898419335,0.6602386142021338,0.9272123858162427,0.113,0.7580563295662892,0.6485696054450707,0.912016151142793
619,256,20.0,12,240.0,30.0,0.7714004327989227,0.6602821424475284,0.9274862657279567,0.113,0.7579649500766458,0.648448437804597,0.9119912265397173
620,256,20.0,13,260.0,33.0,0.7714222540854545,0.6603386175411228,0.9274379339788307,0.113,0.7580421318640345,0.6484858150373009,0.9121407741581715
621,256,20.0,14,280.0,35.0,0.7714067483182805,0.660315894518301,0.9274379339788307,0.113,0.7580235917936184,0.6484460824267337,0.9121656987612472
622,256,20.0,15,300.0,38.0,0.771418042946635,0.6603161130482658,0.9274701551449147,0.113,0.7580185796990379,0.6484513431143242,0.9121407741581715
623,256,20.0,16,320.0,40.0,0.7713851163476291,0.6603005276439551,0.9274057128127466,0.113,0.7579928538138885,0.6484388843604919,0.9120909249520202
624,256,20.0,17,340.0,43.0,0.7713933481628388,0.6603044241291107,0.9274218233957887,0.113,0.7580057168896807,0.6484451138477895,0.9121158495550958
625,256,20.0,18,360.0,45.0,0.7713830115105793,0.6602892765791496,0.9274218233957887,0.113,0.7580057168896807,0.6484451138477895,0.9121158495550958
626,256,20.0,19,380.0,48.0,0.7713830115105793,0.6602892765791496,0.9274218233957887,0.113,0.7580185796990379,0.6484513431143242,0.9121407741581715
627,256,20.0,20,400.0,50.0,0.7713830115105793,0.6602892765791496,0.9274218233957887,0.113,0.7580185796990379,0.6484513431143242,0.9121407741581715
628,256,20.0,21,420.0,53.0,0.7713881798020811,0.660296850267257,0.9274218233957887,0.113,0.7580185796990379,0.6484513431143242,0.9121407741581715
629,256,20.0,22,440.0,55.0,0.7713881798020811,0.660296850267257,0.9274218233957887,0.113,0.7580185796990379,0.6484513431143242,0.9121407741581715
630,256,20.0,23,460.0,58.0,0.7713881798020811,0.660296850267257,0.9274218233957887,0.113,0.7580185796990379,0.6484513431143242,0.9121407741581715
631,256,20.0,24,480.0,60.0,0.7713881798020811,0.660296850267257,0.9274218233957887,0.113,0.7580185796990379,0.6484513431143242,0.9121407741581715
632,256,20.0,25,500.0,63.0,0.7713881798020811,0.660296850267257,0.9274218233957887,0.113,0.7580185796990379,0.6484513431143242,0.9121407741581715
633,256,20.0,26,520.0,65.0,0.7713881798020811,0.660296850267257,0.9274218233957887,0.113,0.7580185796990379,0.6484513431143242,0.9121407741581715
634,256,20.0,27,540.0,68.0,0.7713881798020811,0.660296850267257,0.9274218233957887,0.113,0.7580185796990379,0.6484513431143242,0.9121407741581715
635,256,20.0,28,560.0,70.0,0.7713881798020811,0.660296850267257,0.9274218233957887,0.113,0.7580185796990379,0.6484513431143242,0.9121407741581715
636,256,20.0,29,580.0,73.0,0.7713881798020811,0.660296850267257,0.9274218233957887,0.113,0.7580185796990379,0.6484513431143242,0.9121407741581715
637,256,20.0,30,600.0,75.0,0.7713881798020811,0.660296850267257,0.9274218233957887,0.113,0.7580185796990379,0.6484513431143242,0.9121407741581715
638,256,20.0,31,620.0,78.0,0.7713881798020811,0.660296850267257,0.9274218233957887,0.113,0.7580185796990379,0.6484513431143242,0.9121407741581715
639,256,20.0,32,640.0,80.0,0.7713881798020811,0.660296850267257,0.9274218233957887,0.113,0.7580185796990379,0.6484513431143242,0.9121407741581715
640,256,22.0,1,22.0,3.0,0.1996356974540776,0.11196691641453309,0.9199304022812586,0.126,0.14017133532238507,0.07606412382531785,0.8917025996361008
641,256,22.0,2,44.0,6.0,0.27938860260911325,0.16521004743576162,0.9044964637270223,0.126,0.20457156713875785,0.11568461641433847,0.8831285361780614
642,256,22.0,3,66.0,9.0,0.5976076708462945,0.4964409019223392,0.7505598427607095,0.126,0.596414431766228,0.48908742820676454,0.7640886318885372
643,256,22.0,4,88.0,11.0,0.6833112710504862,0.7494807692307692,0.6278777528958773,0.126,0.6427523234958421,0.7065571321882002,0.5895167119463622
644,256,22.0,5,110.0,14.0,0.7537773120548295,0.6723887478368512,0.8575824459087175,0.126,0.7324600159052753,0.6576812456610136,0.8264250641808529
645,256,22.0,6,132.0,17.0,0.7752266233632756,0.6744599170203633,0.9113917932689984,0.126,0.7615776433181978,0.6641381356875256,0.8925251115375987
646,256,22.0,7,154.0,20.0,0.7774283550831906,0.6741836251774728,0.9180132428992606,0.126,0.7648833786831267,0.6648628750230076,0.9003265123002916
647,256,22.0,8,176.0,22.0,0.778482608251286,0.674510591069025,0.9203492774403506,0.126,0.7642161316907212,0.663273727647868,0.9013982702325466
648,256,22.0,9,198.0,25.0,0.77845485555548,0.6741232518100988,0.9209937007620306,0.126,0.7645685182641407,0.6636156865622364,0.9017472146756063
649,256,22.0,10,220.0,28.0,0.7784255765484736,0.6742693301553964,0.9206392679351065,0.126,0.7644604088532038,0.6634393222576741,0.9017721392786819
650,256,22.0,11,242.0,31.0,0.7785701150364724,0.67439116481027,0.9208164843485686,0.126,0.7644952413144747,0.6633973747891765,0.9019466115002118
651,256,22.0,12,264.0,33.0,0.7785996458248196,0.6744268368948306,0.9208325949316106,0.126,0.7644598419874097,0.6633305838144992,0.9019715361032875
652,256,22.0,13,286.0,36.0,0.7785382996547004,0.6743434248094575,0.9208164843485686,0.126,0.7645424681264591,0.6634280476626948,0.902021385309439
653,256,22.0,14,308.0,39.0,0.7785851954260964,0.6743705905948421,0.9208970372637786,0.126,0.7645343924285957,0.6634158860515847,0.902021385309439
654,256,22.0,15,330.0,42.0,0.778587482122182,0.6743826614282848,0.9208809266807366,0.126,0.764547442248582,0.6634220560199443,0.9020463099125147
655,256,22.0,16,352.0,44.0,0.77856855841069,0.6743629070316187,0.9208648160976945,0.126,0.7644971164205591,0.6633732333693839,0.9019964607063633
656,256,22.0,17,374.0,47.0,0.7785768769750463,0.6743667488585552,0.9208809266807366,0.126,0.7645132668582052,0.6633975545819508,0.9019964607063633
657,256,22.0,18,396.0,50.0,0.7785662721168122,0.6743508370397461,0.9208809266807366,0.126,0.7645082919615506,0.6634035454362133,0.9019715361032875
658,256,22.0,19,418.0,53.0,0.7785715745098172,0.6743587928552889,0.9208809266807366,0.126,0.7645082919615506,0.6634035454362133,0.9019715361032875
659,256,22.0,20,440.0,55.0,0.7785715745098172,0.6743587928552889,0.9208809266807366,0.126,0.7645082919615506,0.6634035454362133,0.9019715361032875
660,256,22.0,21,462.0,58.0,0.7785715745098172,0.6743587928552889,0.9208809266807366,0.126,0.7645082919615506,0.6634035454362133,0.9019715361032875
661,256,22.0,22,484.0,61.0,0.7785715745098172,0.6743587928552889,0.9208809266807366,0.126,0.7645082919615506,0.6634035454362133,0.9019715361032875
662,256,22.0,23,506.0,64.0,0.7785715745098172,0.6743587928552889,0.9208809266807366,0.126,0.7645082919615506,0.6634035454362133,0.9019715361032875
663,256,22.0,24,528.0,66.0,0.7785715745098172,0.6743587928552889,0.9208809266807366,0.126,0.7645082919615506,0.6634035454362133,0.9019715361032875
664,256,22.0,25,550.0,69.0,0.7785715745098172,0.6743587928552889,0.9208809266807366,0.126,0.7645082919615506,0.6634035454362133,0.9019715361032875
665,256,22.0,26,572.0,72.0,0.7785715745098172,0.6743587928552889,0.9208809266807366,0.126,0.7645082919615506,0.6634035454362133,0.9019715361032875
666,256,22.0,27,594.0,75.0,0.7785715745098172,0.6743587928552889,0.9208809266807366,0.126,0.7645082919615506,0.6634035454362133,0.9019715361032875
667,256,22.0,28,616.0,77.0,0.7785715745098172,0.6743587928552889,0.9208809266807366,0.126,0.7645082919615506,0.6634035454362133,0.9019715361032875
668,256,22.0,29,638.0,80.0,0.7785715745098172,0.6743587928552889,0.9208809266807366,0.126,0.7645082919615506,0.6634035454362133,0.9019715361032875
669,256,22.0,30,660.0,83.0,0.7785715745098172,0.6743587928552889,0.9208809266807366,0.126,0.7645082919615506,0.6634035454362133,0.9019715361032875
670,256,22.0,31,682.0,86.0,0.7785715745098172,0.6743587928552889,0.9208809266807366,0.126,0.7645082919615506,0.6634035454362133,0.9019715361032875
671,256,22.0,32,704.0,88.0,0.7785715745098172,0.6743587928552889,0.9208809266807366,0.126,0.7645082919615506,0.6634035454362133,0.9019715361032875
672,256,24.0,1,24.0,3.0,0.2113826501311562,0.12016234876308331,0.8776240112129658,0.109,0.14512420997904107,0.07899909567493825,0.890531143291543
673,256,24.0,2,48.0,6.0,0.4125585085283618,0.2736582311120934,0.8377986499331411,0.109,0.3190577117523528,0.19818106056488577,0.8179506991351163
674,256,24.0,3,72.0,9.0,0.6851499355745578,0.627916963003717,0.7538625122843196,0.109,0.6036994441249761,0.5812091993264284,0.6280002990952369
675,256,24.0,4,96.0,12.0,0.6090731565611737,0.610136609813273,0.608013404005091,0.109,0.5661346742457367,0.626561413059916,0.5163380773161187
676,256,24.0,5,120.0,15.0,0.7515491921564189,0.6699330331807347,0.8558102817740975,0.109,0.744324380189015,0.6901111536987351,0.8077814610802323
677,256,24.0,6,144.0,18.0,0.7815109756942039,0.6853253014974677,0.9091040904770343,0.109,0.7770546525825278,0.7056681315104166,0.8645098576805165
678,256,24.0,7,168.0,21.0,0.7854935290708904,0.6868673463232189,0.9171916031641185,0.109,0.7830117206649136,0.7079681676236527,0.8758505520799581
679,256,24.0,8,192.0,24.0,0.7868572294885401,0.6874992473778645,0.9197854070338806,0.109,0.7834124962457869,0.7074209490136205,0.8776949727075596
680,256,24.0,9,216.0,27.0,0.7870182835255376,0.6874842033049695,0.9202526139420986,0.109,0.783829484270013,0.7078419159751662,0.8780937663567707
681,256,24.0,10,240.0,30.0,0.786917549141869,0.6874563621042494,0.9200270657795105,0.109,0.7838081359778414,0.7077909032465445,0.8781186909598465
682,256,24.0,11,264.0,33.0,0.7870483276497537,0.6875210630205575,0.9202687245251405,0.109,0.7837191452440013,0.7077105432336869,0.8780189925475437
683,256,24.0,12,288.0,36.0,0.787131441168366,0.6875759727521091,0.9203976091894766,0.109,0.7837239568849487,0.7077021977580458,0.8780439171506194
684,256,24.0,13,312.0,39.0,0.7871167757492249,0.6875985507769713,0.9203170562742665,0.109,0.7838351928275064,0.7078026437381976,0.8781685401659979
685,256,24.0,14,336.0,42.0,0.7870892180502927,0.6875744773047341,0.9202848351081826,0.109,0.7837684512619718,0.7077423761501065,0.8780937663567707
686,256,24.0,15,360.0,45.0,0.7871142863047956,0.6875857586480826,0.9203331668573086,0.109,0.7837955083925651,0.7077541181197268,0.8781436155629222
687,256,24.0,16,384.0,48.0,0.7871364206291249,0.6876015550714346,0.9203653880233925,0.109,0.7838264738598443,0.707788424837783,0.8781685401659979
688,256,24.0,17,408.0,51.0,0.7871005077401086,0.6875737223465973,0.9203170562742665,0.109,0.7837955083925651,0.7077541181197268,0.8781436155629222
689,256,24.0,18,432.0,54.0,0.7871172195239571,0.6875812430792932,0.9203492774403506,0.109,0.7837955083925651,0.7077541181197268,0.8781436155629222
690,256,24.0,19,456.0,57.0,0.7871088636895986,0.6875774827582056,0.9203331668573086,0.109,0.7837955083925651,0.7077541181197268,0.8781436155629222
691,256,24.0,20,480.0,60.0,0.7871088636895986,0.6875774827582056,0.9203331668573086,0.109,0.7837955083925651,0.7077541181197268,0.8781436155629222
692,256,24.0,21,504.0,63.0,0.7871088636895986,0.6875774827582056,0.9203331668573086,0.109,0.7837955083925651,0.7077541181197268,0.8781436155629222
693,256,24.0,22,528.0,66.0,0.7871088636895986,0.6875774827582056,0.9203331668573086,0.109,0.7837955083925651,0.7077541181197268,0.8781436155629222
694,256,24.0,23,552.0,69.0,0.7871088636895986,0.6875774827582056,0.9203331668573086,0.109,0.7837955083925651,0.7077541181197268,0.8781436155629222
695,256,24.0,24,576.0,72.0,0.7871088636895986,0.6875774827582056,0.9203331668573086,0.109,0.7837955083925651,0.7077541181197268,0.8781436155629222
696,256,24.0,25,600.0,75.0,0.7871088636895986,0.6875774827582056,0.9203331668573086,0.109,0.7837955083925651,0.7077541181197268,0.8781436155629222
697,256,24.0,26,624.0,78.0,0.7871088636895986,0.6875774827582056,0.9203331668573086,0.109,0.7837955083925651,0.7077541181197268,0.8781436155629222
698,256,24.0,27,648.0,81.0,0.7871088636895986,0.6875774827582056,0.9203331668573086,0.109,0.7837955083925651,0.7077541181197268,0.8781436155629222
699,256,24.0,28,672.0,84.0,0.7871088636895986,0.6875774827582056,0.9203331668573086,0.109,0.7837955083925651,0.7077541181197268,0.8781436155629222
700,256,24.0,29,696.0,87.0,0.7871088636895986,0.6875774827582056,0.9203331668573086,0.109,0.7837955083925651,0.7077541181197268,0.8781436155629222
701,256,24.0,30,720.0,90.0,0.7871088636895986,0.6875774827582056,0.9203331668573086,0.109,0.7837955083925651,0.7077541181197268,0.8781436155629222
702,256,24.0,31,744.0,93.0,0.7871088636895986,0.6875774827582056,0.9203331668573086,0.109,0.7837955083925651,0.7077541181197268,0.8781436155629222
703,256,24.0,32,768.0,96.0,0.7871088636895986,0.6875774827582056,0.9203331668573086,0.109,0.7837955083925651,0.7077541181197268,0.8781436155629222
